frame_index,timestamp,pred,event_cls,x,y
48007,1764853804742.0,0.5424157069801083,0,619.6666870117188,74.33333587646484
48008,1764853804773.2195,0.22689377204198644,0,619.4390437428544,75.91870154404059
48048,1764853806022.0,0.4273871476090278,0,610.3333129882812,139.3333282470703
48093,1764853807426.0,0.21333320617783225,0,673.0,93.66666412353516
48184,1764853810270.0,0.4521332838980304,0,649.0,96.33332824707033
48212,1764853811146.0,0.4248086055106299,0,641.0,90.66667175292967
48214,1764853811206.0,0.40223671246803583,0,642.3333129882812,91.33333587646484
48223,1764853811490.0,0.5396200247196636,0,643.0,79.0
48240,1764853812018.0,0.4725456857933544,0,657.0,119.66667175292967
48252,1764853812394.0,0.6611529383736646,0,657.0,124.33333587646484
48255,1764853812490.0,0.2426989688460778,0,651.0,61.66666793823242
48256,1764853812518.0,0.5617201899299948,0,650.3333129882812,60.33333587646485
48259,1764853812614.0,0.240572813815019,0,657.0,108.00000762939452
48260,1764853812646.0,0.2393481880637682,0,658.3333740234375,106.33333587646484
48266,1764853812834.0,0.48707292744864145,0,645.6666259765625,60.33333587646485
48267,1764853812862.0,0.6611529383736646,0,654.3333740234375,106.0
48334,1764853814954.8,0.22669755330328029,0,686.3333740234375,111.2000015258789
48335,1764853814986.0,0.5547379275813541,0,689.3333740234375,110.33333587646484
48376,1764853816270.0,0.5057563224547823,0,600.3333129882812,89.0
48389,1764853816674.0,0.4273871476090278,0,593.6666259765625,103.66667175292967
48390,1764853816705.111,0.20679516682122914,0,595.8147786458334,101.74074554443358
48398,1764853816954.0,0.2641267234333292,0,613.0,86.33333587646484
48399,1764853816986.0,0.22689377204198644,0,612.5555623372396,86.55555725097656
48508,1764853820390.7778,0.21024111282678662,0,620.2530664514612,98.2283975813124
48509,1764853820422.0,0.42459146534858316,0,620.3333129882812,98.33333587646484
48517,1764853820674.0,0.5133864884433389,0,626.6666870117188,96.33332824707033
48554,1764853821830.0,0.3488378275958993,0,692.0,114.66666412353516
48560,1764853822015.1428,0.23117488274788817,0,692.0,110.95238276890346
48561,1764853822046.0,0.5519422453209095,0,692.0,110.33333587646484
48577,1764853822546.0,0.2928245194287922,0,624.0,132.6666717529297
48578,1764853822577.2654,0.20679516682122914,0,624.6734693877551,132.42857625533122
48633,1764853824296.0,0.20516876952978919,0,646.1666259765625,102.33333587646484
48634,1764853824326.0,0.5057563224547823,0,645.6666259765625,102.33333587646484
48645,1764853824670.0,0.4412289599517536,0,654.3333740234375,122.0
48715,1764853826858.0,0.4935374247263006,0,648.3333740234375,99.33333587646484
48722,1764853827075.0,0.21024111282678662,0,648.9166717529297,99.9166736602783
48723,1764853827106.0,0.42459146534858316,0,649.0,100.00000762939452
48785,1764853829046.0,0.5652187949309373,0,645.0,85.66666412353516
48817,1764853830043.0,0.6583572561132199,0,677.3333129882812,132.6666717529297
48818,1764853830075.0,0.28323498764450955,0,657.0,87.0
48819,1764853830106.0,0.5589245076695502,0,657.3333129882812,87.0
48822,1764853830199.0,0.4412289599517536,0,672.3333129882812,107.33333587646484
48834,1764853830575.0,0.35049095058472346,0,653.6666870117188,83.33332824707031
48876,1764853831886.0,0.4273871476090278,0,645.3333129882812,94.66667175292967
48896,1764853832511.0,0.5203036445553357,0,679.0,85.66666412353516
48897,1764853832542.238,0.22689377204198644,0,677.5396844773065,85.82539440336681
48931,1764853833606.0,0.37438207347522884,0,664.3333740234375,115.33333587646484
48950,1764853834198.0,0.4316920340661689,0,695.6666259765625,85.66666412353516
48951,1764853834229.2942,0.22689377204198644,0,694.372511919807,86.13725235882927
49035,1764853836854.7583,0.2112107502312247,0,698.5689655172414,107.81034982615502
49036,1764853836886.0,0.5431261505689295,0,699.0,107.66667175292967
49038,1764853836947.0,0.42051919780053604,0,701.6666259765625,120.33333587646484
49042,1764853837074.0,0.270994673241821,0,699.3333740234375,106.33333587646484
49043,1764853837105.2307,0.23778234366778567,0,700.2436288686899,106.71795126108024
49141,1764853840166.0,0.22669755330328029,0,711.1111043294271,95.1111119588216
49142,1764853840198.0,0.5624231126704927,0,711.0,95.0
49248,1764853843507.0,0.4506472486108279,0,706.3333129882812,115.33333587646484
49249,1764853843538.0,0.5547379275813541,0,708.3333740234375,114.66666412353516
49250,1764853843571.0,0.27289311417914075,0,705.0,115.33333587646484
49290,1764853844819.7805,0.20547556220641153,0,705.9756097560976,110.45528709597704
49291,1764853844851.0,0.5624231126704927,0,706.0,110.33333587646484
49349,1764853846663.0,0.21755004673384584,0,723.3333740234375,77.33333587646484
49350,1764853846694.2324,0.22143353782367917,0,723.2828689729324,77.52862202037464
49449,1764853849787.0,0.3019813760941319,0,705.0,109.66666412353516
49450,1764853849818.111,0.20679516682122914,0,705.7777777777778,107.37036810980902
49460,1764853850130.3333,0.23071817512058773,0,718.4444173177084,81.44444274902344
49461,1764853850162.0,0.5424157069801083,0,721.6666259765625,77.66666412353516
49462,1764853850194.0,0.24229640325211238,0,718.3333740234375,95.33333587646484
49481,1764853850786.6428,0.23071817512058773,0,711.6190098353794,62.85714421953474
49482,1764853850818.0,0.5396200247196636,0,711.6666259765625,61.66666793823242
49494,1764853851191.0,0.2588374307378578,0,714.3333740234375,93.0
49506,1764853851567.0,0.398068633328273,0,720.3333129882812,123.33333587646484
49522,1764853852067.0,0.2330944233685247,0,719.0,61.66666793823242
49523,1764853852099.0,0.5424157069801083,0,718.3333740234375,59.66666793823242
49524,1764853852131.0,0.240572813815019,0,721.6666259765625,113.33332824707033
49536,1764853852503.0,0.5424157069801083,0,715.0,65.66666412353516
49612,1764853854879.0,0.5076719732268853,0,692.0,115.0
49635,1764853855598.0,0.40849448157727425,0,760.3333129882812,174.3333282470703
49653,1764853856159.0,0.5133864884433389,1,776.0,131.3333282470703
49720,1764853858251.0,0.4327331436801451,0,720.3333129882812,151.3333282470703
49721,1764853858283.0,0.4064469057135654,0,716.0,152.33334350585938
49722,1764853858315.0,0.5057563224547823,0,712.0,151.3333282470703
49732,1764853858627.0,0.398068633328273,0,682.3333129882812,171.3333282470703
49739,1764853858847.0,0.6549553542959046,0,659.3333740234375,150.3333282470703
49746,1764853859064.5,0.26215678451369606,0,636.8333740234375,98.66666793823242
49747,1764853859095.0,0.21893936853362567,0,634.3333740234375,99.33333587646484
49748,1764853859127.0,0.23313954658677272,0,661.3333129882812,111.33333587646484
49752,1764853859251.0,0.20444753570432028,0,656.3333129882812,110.33333587646484
49753,1764853859283.0,0.49074174246585595,0,654.3333740234375,110.33333587646484
49759,1764853859471.0,0.42095356263011746,0,644.3333740234375,123.33333587646484
49761,1764853859531.0,0.5396200247196636,0,644.0,110.33333587646484
49790,1764853860439.0,0.5057563224547823,0,578.0,405.3333129882813
49868,1764853862875.0,0.49837190845441254,0,612.3333129882812,135.0
49911,1764853864219.0,0.5971017341575844,0,709.3333740234375,418.3333129882813
49930,1764853864811.0,0.5424157069801083,0,718.3333740234375,146.3333282470703
49931,1764853864842.3333,0.20377680298137427,0,718.3611501057943,147.49999491373697
49942,1764853865187.0,0.20931216338109182,0,718.6666870117188,160.3333282470703
49943,1764853865219.0,0.40086431558871766,0,719.3333740234375,163.3333282470703
49949,1764853865407.0,0.5272859069039765,0,706.3333129882812,115.33333587646484
49959,1764853865719.0,0.51046765548733,0,725.3333129882812,110.33333587646484
49982,1764853866435.0,0.4725456857933544,0,800.3333129882812,258.3333435058594
49993,1764853866779.0,0.20516876952978919,0,741.6666259765625,226.66665649414065
49994,1764853866811.0,0.5057563224547823,0,736.3333129882812,226.66665649414065
50007,1764853867219.0,0.3460421453354547,0,678.3333740234375,261.3333435058594
50021,1764853867655.0,0.5057563224547823,0,645.3333129882812,228.0
50022,1764853867687.0,0.20464375444302643,0,642.3333129882812,228.3333435058593
50034,1764853868059.0,0.3460421453354547,0,616.3333740234375,258.3333435058594
50045,1764853868403.0,0.20444753570432028,0,593.0,238.3333282470703
50046,1764853868435.0,0.49074174246585595,0,590.6666259765625,238.3333282470703
50048,1764853868499.0,0.32912415296144726,0,587.3333129882812,239.66665649414065
50062,1764853868935.0,0.20964609897439704,0,558.6666259765625,242.3333435058593
50063,1764853868967.0,0.5057563224547823,0,557.3333129882812,242.3333435058593
50065,1764853869031.0,0.2485269330194128,0,553.0,243.3333282470703
50071,1764853869215.0,0.3460421453354547,0,542.6666870117188,252.3333435058593
50077,1764853869403.0,0.45899981882751817,0,531.0,243.3333282470703
50082,1764853869559.0,0.2483418285552046,0,522.3333129882812,246.3333282470703
50128,1764853870999.0,0.42051919780053604,0,473.3333129882813,269.66668701171875
50310,1764853876683.0,0.5616058773898459,0,494.3333435058594,219.3333282470703
50349,1764853877899.0,0.4177235155400914,0,480.3333129882813,287.3333435058594
50352,1764853877995.0,0.4962297841139811,0,474.6666870117188,277.3333435058594
50358,1764853878183.0,0.4904597656841273,0,474.0,329.0
50367,1764853878463.0,0.5492836567886001,0,460.3333129882813,293.66668701171875
50373,1764853878651.0,0.4412289599517536,0,464.0,344.33331298828125
50380,1764853878867.0,0.5492836567886001,0,454.3333435058594,312.33331298828125
50381,1764853878899.0,0.23376172185047822,0,454.8333282470703,315.99998474121094
50386,1764853879055.0,0.4725456857933544,0,464.3333435058594,358.3333435058594
50495,1764853882463.0,0.49325544794457193,0,568.0,470.3333435058594
50503,1764853882711.0,0.23758612492907952,0,562.0,431.3333129882813
50504,1764853882743.0,0.5617201899299948,0,561.0,428.6666564941406
50509,1764853882899.0,0.5515104200885381,0,587.0,480.0
50520,1764853883243.0,0.5010642678420931,0,602.3333129882812,408.3333129882813
50548,1764853884115.7693,0.20901107352529838,0,637.1025461050181,441.474368755634
50549,1764853884147.0,0.43702799848997786,0,638.3333129882812,442.3333435058594
50551,1764853884211.0,0.2070844203018922,0,645.3333129882812,440.3333129882813
50552,1764853884243.0,0.5076719732268853,0,648.3333740234375,440.3333129882813
50565,1764853884647.0,0.5487147378280935,0,687.0,560.3333129882812
50574,1764853884931.0,0.5010642678420931,0,699.3333740234375,512.3333129882812
50579,1764853885087.0,0.5487147378280935,0,704.0,560.3333129882812
50593,1764853885523.0,0.21110504211919964,0,728.3333740234375,470.3333435058594
50594,1764853885555.0,0.5076719732268853,0,732.0,470.3333435058594
50607,1764853885960.0,0.5430002226116399,0,782.3333129882812,583.3333129882812
50614,1764853886179.0,0.5424157069801083,0,802.0,544.3333129882812
50619,1764853886335.0,0.6680208881821564,0,786.0,582.0
50633,1764853886772.0,0.5010642678420931,0,800.0,490.3333435058594
50645,1764853887147.0,0.5430002226116399,0,826.0,604.0
50652,1764853887367.0,0.23583101903758602,0,838.3333740234375,561.3333740234375
50653,1764853887396.0,0.5424157069801083,0,840.0,558.6666870117188
50657,1764853887523.0,0.5894715681690279,0,809.3333740234375,598.3333129882812
50666,1764853887803.0,0.2575995355381972,0,800.0,513.3333740234375
50667,1764853887835.0,0.21386293953041063,0,800.3333129882812,514.0
50673,1764853888023.0,0.42051919780053604,0,788.3333740234375,531.3333129882812
50674,1764853888054.2195,0.2022258349395602,0,788.5528847298971,530.1300614519818
50713,1764853889271.7805,0.23758612492907952,0,797.1138022818217,483.2032515362996
50714,1764853889303.0,0.5464879745281555,0,797.3333129882812,482.0
50722,1764853889552.0,0.5487147378280935,0,804.6666870117188,572.6666870117188
50735,1764853889959.0,0.5038599501025377,0,817.3333129882812,492.3333129882813
50744,1764853890239.0,0.20971360911304965,0,816.3333129882812,562.6666870117188
50745,1764853890271.0,0.6155616243046184,0,816.0,564.3333740234375
50758,1764853890675.889,0.22669755330328029,0,821.8518337673611,514.8888753255209
50759,1764853890707.0,0.5547379275813541,0,822.3333129882812,514.3333129882812
50763,1764853890835.0,0.4215740777399352,0,818.0,560.0
50801,1764853892020.0,0.23897333392964748,0,824.0,525.3333129882812
50823,1764853892708.0,0.21366672079170448,0,824.3333740234375,312.0
50824,1764853892739.0,0.5057563224547823,0,822.6666870117188,312.0
50833,1764853893020.0,0.21209776775901162,0,800.6666259765625,352.33331298828125
50834,1764853893051.0,0.6583572561132199,0,798.3333740234375,360.6666564941406
51063,1764853900204.0,0.3727973170139682,0,460.3333129882813,359.0
51069,1764853900392.5715,0.22669755330328029,0,460.6190359933036,357.8571341378348
51070,1764853900424.0,0.5547379275813541,0,460.6666564941406,357.6666564941406
51083,1764853900828.0,0.46975000353290974,0,453.6666564941406,467.3333435058594
51090,1764853901048.0,0.2426989688460778,0,441.3333435058594,432.3333435058594
51091,1764853901080.0,0.5617201899299948,0,439.3333435058594,429.6666564941406
51097,1764853901267.0,0.6155616243046184,0,470.3333129882813,483.9999694824219
51105,1764853901516.0,0.4076226842961338,0,467.3333435058594,423.3333435058594
51106,1764853901547.2258,0.21542759078723833,0,468.0322679088962,424.4408697312878
51138,1764853902548.0,0.49837190845441254,0,491.3333435058594,457.0
51154,1764853903048.0,0.4725456857933544,0,518.0,578.3333129882812
51161,1764853903267.0,0.2426989688460778,0,513.0,544.3333129882812
51162,1764853903296.0,0.5617201899299948,0,512.3333129882812,542.3333740234375
51167,1764853903452.0,0.6611529383736646,0,533.3333129882812,587.3333740234375
51181,1764853903892.0,0.5076719732268853,0,540.6666259765625,488.3333129882813
51193,1764853904267.0,0.5515104200885381,0,594.6666870117188,594.0
51200,1764853904484.0,0.24030834848219387,0,606.0,542.6666870117188
51201,1764853904516.0,0.5424157069801083,0,606.3333740234375,540.0
51205,1764853904639.0,0.49532378393595433,0,596.0,580.6666870117188
51206,1764853904672.0,0.22850883267075411,0,594.6666870117188,576.3333129882812
51219,1764853905079.0,0.46942566707651945,0,598.3333129882812,487.3333435058594
51220,1764853905109.5,0.2292700202899234,0,599.6666564941406,487.8333282470703
51230,1764853905420.0,0.2092830965067172,0,622.6666870117188,574.3333740234375
51231,1764853905451.0,0.20042830476690982,0,622.6666870117188,572.6666870117188
51239,1764853905703.0,0.24030834848219387,0,622.6666870117188,518.6666259765625
51240,1764853905735.0,0.5396200247196636,0,622.6666870117188,516.0
51245,1764853905891.0,0.5438802540999816,0,613.3333129882812,574.3333740234375
51260,1764853906360.0,0.5133864884433389,0,630.3333129882812,495.3333129882813
51268,1764853906608.0,0.5670051541405912,0,641.3333129882812,566.6666259765625
51285,1764853907140.0,0.4934341018535365,0,630.6666259765625,482.3333129882813
51294,1764853907420.0,0.2077938009372501,0,635.3333129882812,566.6666259765625
51295,1764853907452.0,0.23487085861916035,0,634.6666870117188,566.6666259765625
51308,1764853907859.0,0.5010642678420931,0,630.6666259765625,498.6666870117188
51319,1764853908203.0,0.6155616243046184,0,644.0,567.3333129882812
51329,1764853908515.0,0.23583101903758602,0,642.3333129882812,501.3333129882813
51330,1764853908544.0,0.523935980159192,0,642.0,500.6666564941406
51337,1764853908764.0,0.20971360911304965,0,644.6666870117188,560.6666259765625
51338,1764853908796.0,0.6127659420441738,0,644.6666870117188,564.6666870117188
51346,1764853909044.0,0.2801515299071607,0,638.6666259765625,510.3333435058594
51347,1764853909076.0,0.26926295828136143,0,640.0,510.6666870117188
51369,1764853909764.0,0.2069913855599353,0,615.0,541.0
51370,1764853909796.0,0.49185016874324083,0,611.3333740234375,543.3333129882812
51397,1764853910639.0,0.5057563224547823,0,586.0,304.0
51398,1764853910668.0,0.20464375444302643,0,584.0,304.33331298828125
51405,1764853910888.0,0.2251376740635881,0,567.3333129882812,334.6666564941406
51406,1764853910920.0,0.6603681742821512,0,566.3333740234375,342.3333435058594
51407,1764853910952.0,0.22622873428635182,0,580.0,332.0
51449,1764853912264.0,0.5057563224547823,0,724.6666870117188,103.33333587646484
51450,1764853912296.0,0.2053649882684953,0,723.3333740234375,103.66667175292967
51480,1764853913232.0,0.3460421453354547,0,646.3333129882812,328.33331298828125
51490,1764853913544.0,0.5057563224547823,0,622.3333129882812,303.3333435058594
51502,1764853913920.0,0.6603681742821512,0,588.3333129882812,348.3333435058594
51503,1764853913948.0,0.23897333392964748,0,590.3333129882812,340.0
51522,1764853914544.0,0.5133864884433389,0,668.3333740234375,161.0
51530,1764853914792.0,0.3564679935844559,0,682.3333129882812,174.66665649414062
51536,1764853914981.0,0.23821952807398467,0,661.1111043294271,128.55555725097656
51537,1764853915012.0,0.5617201899299948,0,649.0,116.33333587646484
51554,1764853915544.0,0.5214403670152541,0,653.6666870117188,91.66667175292967
51556,1764853915604.0,0.4132964050543542,0,649.3333740234375,98.33333587646484
51561,1764853915760.0,0.5617201899299948,0,677.3333129882812,91.33333587646484
51575,1764853916200.0,0.6611529383736646,0,758.6666870117188,253.3333282470703
51597,1764853916887.0,0.5057563224547823,0,645.3333129882812,158.6666717529297
51606,1764853917168.0,0.40086431558871766,0,618.6666259765625,176.0
51620,1764853917603.0,0.2646726544711241,0,602.0,135.3333282470703
51625,1764853917760.0,0.4953497526256395,0,619.6666870117188,73.66666412353516
51627,1764853917824.0,0.2712739638792525,0,624.3333740234375,107.33333587646484
51630,1764853917916.0,0.29876475171780414,0,649.3333740234375,126.33332824707033
51775,1764853922444.7805,0.21024111282678662,0,636.1869715248666,102.22764475752668
51776,1764853922476.0,0.4273871476090278,0,635.3333129882812,102.33333587646484
51804,1764853923352.0,0.20470608286507097,0,688.3333740234375,85.33332824707031
51932,1764853927352.0,0.42051919780053604,0,1232.0,478.6666870117188
51935,1764853927444.0,0.26196056577498994,0,1232.0,470.6666564941406
51936,1764853927476.0,0.5617201899299948,0,1231.333251953125,468.6666870117188
52017,1764853930004.0,0.4934341018535365,0,1192.0,578.6666870117188
52023,1764853930192.0,0.680457421323551,0,1180.3333740234375,654.6666870117188
52079,1764853931944.0,0.20042830476690982,0,897.3333129882812,621.3333129882812
52080,1764853931972.0,0.2460196188359561,0,892.3333129882812,620.3333129882812
52088,1764853932224.0,0.35049095058472346,0,866.6666259765625,548.6666870117188
52089,1764853932256.0,0.20938561008580278,0,864.3333740234375,550.0
52093,1764853932380.0,0.5670051541405912,0,849.0,624.3333129882812
52094,1764853932412.0,0.23760225574854094,0,848.6666870117188,618.3333129882812
52103,1764853932692.0,0.21287649855053184,0,850.6666259765625,542.0
52114,1764853933036.0,0.3937395114539433,0,828.6666870117188,542.3333740234375
52118,1764853933160.0,0.4962297841139811,0,818.3333740234375,534.0
52140,1764853933848.6956,0.2069913855599353,0,795.6956734035326,560.1449664572011
52141,1764853933880.0,0.6224295741131102,0,794.6666870117188,561.3333740234375
52147,1764853934068.0,0.4316920340661689,0,802.3333129882812,520.3333129882812
52148,1764853934098.0,0.23091439385929388,0,801.3333129882812,521.8333435058594
52153,1764853934256.0,0.64251882115451,0,778.0,572.6666870117188
52166,1764853934660.0,0.5010642678420931,0,790.3333129882812,488.6666870117188
52177,1764853935004.0,0.20480576706210935,0,806.3333129882812,578.0
52178,1764853935036.0,0.2080584707554664,0,808.3333740234375,576.6666259765625
52186,1764853935284.0,0.5396200247196636,0,817.3333129882812,522.6666870117188
52191,1764853935440.0,0.6680208881821564,0,792.0,576.0
52205,1764853935880.0,0.5424157069801083,0,813.6666870117188,488.3333129882813
52206,1764853935908.0,0.23608249967163475,0,813.3333740234375,489.3333435058594
52215,1764853936192.0,0.5438802540999816,0,808.6666870117188,564.6666870117188
52229,1764853936628.0,0.5424157069801083,0,810.3333129882812,509.6666564941406
52234,1764853936785.0,0.6155616243046184,0,808.3333740234375,570.3333129882812
52235,1764853936816.0,0.20832428107749285,0,807.3333129882812,560.6666259765625
52253,1764853937376.7273,0.22669755330328029,0,814.8787675337358,510.3030229048296
52254,1764853937408.0,0.5547379275813541,0,815.3333129882812,509.6666564941406
52270,1764853937908.7058,0.23136582640584571,0,797.7646663890165,538.8430983599494
52271,1764853937940.0,0.6348661072545048,0,796.6666259765625,540.6666259765625
52272,1764853937972.0,0.20794632521972575,0,804.6666870117188,534.6666259765625
52295,1764853938688.0,0.45899981882751817,0,803.3333740234375,314.66668701171875
52304,1764853938972.0,0.21209776775901162,0,780.6666259765625,351.3333435058594
52305,1764853939004.0,0.6583572561132199,0,778.0,360.0
52344,1764853940220.0,0.5057563224547823,0,653.0,101.66666412353516
52383,1764853941440.0,0.5457959048720846,0,788.0,576.3333129882812
52388,1764853941596.0,0.5424157069801083,0,800.6666259765625,540.0
52389,1764853941627.111,0.22689377204198644,0,799.2962646484375,544.2222222222222
52396,1764853941844.889,0.2001234357514435,0,789.7037353515625,573.7777777777778
52397,1764853941876.0,0.6224295741131102,0,788.3333740234375,578.0
52413,1764853942376.0,0.24030834848219387,0,812.3333129882812,482.6666870117188
52414,1764853942408.0,0.4962297841139811,0,810.3333129882812,482.3333129882813
52425,1764853942752.0,0.5001582676640663,0,815.3333129882812,578.6666870117188
52431,1764853942938.5,0.22123731908497302,0,818.3333435058594,534.3333129882812
52432,1764853942969.0,0.5424157069801083,0,818.6666870117188,528.0
52438,1764853943156.0,0.64251882115451,0,794.0,577.3333740234375
52449,1764853943500.0,0.3771058772260226,0,808.3333740234375,495.6666564941406
52460,1764853943844.0,0.6224295741131102,0,813.3333740234375,567.3333129882812
52466,1764853944032.0,0.5051857416936454,0,814.6666870117188,514.6666870117188
52467,1764853944063.2144,0.2077974247986817,0,814.6428789411273,517.904780796596
52479,1764853944437.7856,0.2001234357514435,0,814.357182094029,556.7619062151227
52480,1764853944469.0,0.6155616243046184,0,814.3333740234375,560.0
52486,1764853944656.0,0.2641267234333292,0,814.6666870117188,512.3333129882812
52487,1764853944687.2334,0.2077974247986817,0,814.1222432454427,513.3222025553385
52515,1764853945561.7666,0.21783809138576732,0,798.8778177897135,541.0111104329427
52516,1764853945593.0,0.680457421323551,0,798.3333740234375,542.0
52540,1764853946344.0,0.20964609897439704,0,820.6666259765625,314.0
52541,1764853946376.0,0.5057563224547823,0,819.3333740234375,314.0
52549,1764853946624.0,0.22440087702783923,0,804.0,352.0
52550,1764853946656.0,0.6583572561132199,0,800.6666259765625,360.0
52588,1764853947844.0,0.47323769020086703,0,579.0,121.66666412353516
52591,1764853947936.0,0.3781472735771627,0,593.0,122.33333587646484
52816,1764853954965.7446,0.2001234357514435,0,675.2553386282414,96.57446313411631
52817,1764853954997.0,0.4273871476090278,0,674.6666870117188,97.33332824707033
52823,1764853955184.3333,0.2690667395426553,0,678.3333740234375,85.66666412353516
52824,1764853955216.0,0.5624231126704927,0,678.3333740234375,85.66666412353516
52861,1764853956372.0,0.5652187949309373,0,665.0,93.0
52866,1764853956526.1667,0.2069913855599353,0,665.2777608235677,93.5555534362793
52867,1764853956557.0,0.42459146534858316,0,665.3333129882812,93.66666412353516
52883,1764853957058.0,0.2112107502312247,0,693.4444580078125,61.8888905843099
52884,1764853957089.0,0.5519422453209095,0,693.6666870117188,61.66666793823242
52910,1764853957901.0,0.21830822970332897,0,706.3333129882812,115.33333587646484
52914,1764853958025.0,0.3413340939193838,0,690.3333129882812,73.0
52970,1764853959776.7192,0.2069913855599353,0,683.4561799701892,113.6081896330181
52971,1764853959808.0,0.6348661072545048,0,683.3333740234375,114.33333587646484
52975,1764853959933.0,0.4953497526256395,0,695.0,85.66666412353516
52988,1764853960337.0,0.3488378275958993,0,723.3333740234375,137.0
52993,1764853960493.6667,0.2420634543736874,0,723.3333740234375,121.4444465637207
52994,1764853960525.0,0.5617201899299948,0,723.3333740234375,118.33333587646484
52996,1764853960589.0,0.20184982927847095,0,729.0,150.3333282470703
53000,1764853960713.0,0.29258806304855534,0,676.6666259765625,130.6666717529297
53001,1764853960744.2,0.26215678451369606,0,687.8666381835938,132.6666717529297
53005,1764853960869.0,0.42051919780053604,0,732.6666870117188,140.6666717529297
53054,1764853962401.0,0.41654836014918933,0,704.3333740234375,286.3333435058594
53055,1764853962432.0,0.2077938009372501,0,704.0,279.3333435058594
53154,1764853965524.0,0.20470608286507097,0,740.6666259765625,197.66665649414065
53191,1764853966677.8157,0.2046007651960514,0,740.6666259765625,204.157904373972
53192,1764853966709.0,0.4177235155400914,0,740.6666259765625,204.3333435058593
53195,1764853966805.0,0.23071817512058773,0,739.1666717529297,199.8333320617676
53196,1764853966837.0,0.5492836567886001,0,738.6666870117188,198.3333282470703
53203,1764853967053.0,0.3488378275958993,0,742.3333129882812,222.3333282470703
53220,1764853967585.0,0.26707340969198823,0,745.3333129882812,174.3333282470703
53221,1764853967617.0,0.5492836567886001,0,744.3333740234375,173.33334350585938
53247,1764853968429.0,0.40086431558871766,0,732.3333129882812,280.66668701171875
53254,1764853968648.0,0.5396200247196636,0,732.0,250.66665649414065
53255,1764853968677.0,0.21296553061102255,0,730.6666259765625,254.6666717529297
53259,1764853968805.0,0.24229640325211238,0,724.6666870117188,290.3333435058594
53260,1764853968833.0,0.240572813815019,0,724.3333740234375,289.0
53270,1764853969147.0,0.20918939134709663,0,725.8333129882812,244.6666717529297
53271,1764853969177.0,0.5547379275813541,0,726.3333129882812,244.6666717529297
53336,1764853971209.0,0.203376519955254,0,692.6666870117188,374.6666564941406
53344,1764853971457.0,0.5424157069801083,0,678.3333740234375,340.6666564941406
53345,1764853971489.0,0.23823905129508607,0,678.3333740234375,344.0
53350,1764853971645.0,0.6155616243046184,0,686.6666259765625,385.0
53356,1764853971833.0,0.20022875342046312,0,684.3333740234375,340.3333435058594
53406,1764853973397.0,0.46712748562321443,0,604.0,473.6666564941406
53414,1764853973645.0,0.5492836567886001,0,582.6666870117188,433.3333435058594
53420,1764853973833.0,0.5438802540999816,0,604.6666870117188,484.3333435058594
53434,1764853974269.889,0.22669755330328029,0,603.1851874457466,429.9259202745226
53435,1764853974301.0,0.5519422453209095,0,603.0,429.6666564941406
53444,1764853974581.0,0.3272047916343426,0,570.3333129882812,549.3333129882812
53450,1764853974769.8,0.23758612492907952,0,553.1333251953125,516.666650390625
53451,1764853974801.0,0.5617201899299948,0,550.3333129882812,511.3333129882813
53456,1764853974957.0,0.42088962047447753,0,571.3333740234375,560.0
53457,1764853974989.0,0.2393481880637682,0,572.3333129882812,557.3333129882812
53469,1764853975365.0,0.28791451486524133,0,564.6666870117188,487.6666564941406
53470,1764853975393.0,0.51046765548733,0,568.3333129882812,487.6666564941406
53480,1764853975709.0,0.23465733416269052,0,588.0,596.0
53481,1764853975737.0,0.23487085861916035,0,588.0,594.3333129882812
53488,1764853975957.0,0.5148493737625819,0,585.3333129882812,543.3333129882812
53489,1764853975989.0,0.2756742004625528,0,586.0,546.0
53492,1764853976081.0,0.5149786661477729,0,590.3333129882812,577.3333740234375
53494,1764853976145.0,0.2072010003338643,0,589.3333740234375,569.3333129882812
53506,1764853976521.0,0.46662998481607476,0,595.3333129882812,487.6666564941406
53507,1764853976549.0,0.21747248370165978,0,598.3333129882812,488.3333129882813
53515,1764853976801.0,0.2393481880637682,0,614.3333740234375,568.0
53516,1764853976833.0,0.2393481880637682,0,614.6666870117188,566.3333129882812
53529,1764853977237.0,0.5133864884433389,0,624.3333740234375,494.3333435058594
53538,1764853977521.0,0.2393481880637682,0,636.0,566.3333129882812
53539,1764853977549.0,0.23487085861916035,0,636.0,564.0
53549,1764853977861.0,0.5424157069801083,0,634.3333740234375,501.6666870117188
53557,1764853978113.0,0.5670051541405912,0,640.0,567.3333129882812
53558,1764853978145.0,0.20145633126900106,0,638.6666259765625,560.3333129882812
53565,1764853978361.0,0.41677954096147346,0,633.0,507.3333129882813
53566,1764853978392.3333,0.23778234366778567,0,633.5555623372396,508.38887532552087
53575,1764853978673.0,0.5670051541405912,0,640.3333129882812,567.3333129882812
53583,1764853978925.0,0.4922973793936183,0,638.6666259765625,507.3333129882813
53584,1764853978957.0,0.2405598291162426,0,638.3333129882812,508.3333129882813
53610,1764853979769.0,0.2407597810287457,0,606.3333740234375,542.3333740234375
53611,1764853979801.0,0.2558989310061402,0,607.3333129882812,542.3333740234375
53636,1764853980581.0,0.471322039428764,0,594.6666870117188,313.0
53637,1764853980613.0,0.2053649882684953,0,592.3333129882812,313.3333435058594
53644,1764853980829.0,0.2433401584134138,0,580.6666259765625,341.33331298828125
53645,1764853980861.0,0.680457421323551,0,579.3333740234375,348.6666564941406
53654,1764853981141.0,0.5038599501025377,0,686.3333129882812,220.3333435058593
53719,1764853983173.0,0.5515104200885381,0,626.6666870117188,568.0
53724,1764853983329.0,0.21755004673384584,0,631.3333740234375,534.3333129882812
53734,1764853983641.0,0.5894715681690279,0,614.6666870117188,572.3333129882812
53747,1764853984049.0,0.5010642678420931,0,612.0,483.6666564941406
53757,1764853984361.0,0.5438802540999816,0,630.6666259765625,574.3333740234375
53769,1764853984733.0,0.4962297841139811,0,636.0,489.6666564941406
53783,1764853985173.0,0.46975000353290974,0,640.0,531.3333129882812
53788,1764853985329.0,0.24030834848219387,0,639.0,502.3333435058594
53789,1764853985361.0,0.5396200247196636,0,639.3333740234375,500.3333435058594
53797,1764853985609.0,0.49325544794457193,0,644.3333740234375,566.6666259765625
53798,1764853985641.0,0.20504006092973565,0,643.3333740234375,560.0
53809,1764853985985.0,0.4934341018535365,0,629.3333740234375,524.3333129882812
53811,1764853986045.0,0.4273871476090278,0,628.3333129882812,527.3333129882812
53839,1764853986921.0,0.2435508426175052,0,640.0,480.6666564941406
53859,1764853987545.0,0.20516876952978919,0,604.6666870117188,300.6666564941406
53860,1764853987577.0,0.5057563224547823,0,602.6666870117188,300.6666564941406
53870,1764853987889.0,0.6776617390631064,0,594.6666870117188,346.0
53893,1764853988609.0,0.5008190110985797,1,713.3333740234375,133.3333282470703
53912,1764853989201.0,0.3488378275958993,0,636.0,193.3333282470703
53919,1764853989421.0,0.20516876952978919,0,616.6666870117188,184.3333282470703
53920,1764853989453.0,0.5057563224547823,0,614.3333740234375,184.3333282470703
53935,1764853989921.0,0.3460421453354547,0,572.0,222.3333282470703
53943,1764853990169.0,0.5057563224547823,0,546.3333740234375,218.3333435058593
53955,1764853990545.0,0.3460421453354547,0,507.3333435058594,247.66665649414065
53970,1764853991013.0,0.508552004715227,0,493.6666564941406,237.66665649414065
53974,1764853991137.0,0.2005483593691808,0,491.6666870117188,247.3333435058593
53983,1764853991421.0,0.5057563224547823,0,480.3333129882813,237.66665649414065
53990,1764853991637.0,0.3996322640702251,0,474.3333435058594,247.66665649414065
54110,1764853995385.8572,0.2069913855599353,0,660.1190447126116,132.2619138445173
54111,1764853995417.0,0.4273871476090278,0,660.0,132.33334350585938
54142,1764853996385.0,0.5079814239540901,0,696.3333129882812,85.66666412353516
54143,1764853996417.0,0.20377680298137427,0,687.3333333333334,86.33333079020183
54172,1764853997325.0,0.23638927385362404,0,665.3333129882812,100.33332824707033
54286,1764854000885.0,0.5203036445553357,0,619.6666870117188,73.0
54287,1764854000916.2432,0.20567178094511768,0,619.8540745090794,73.12612609863281
54472,1764854006694.0,0.294014000791023,0,654.3333740234375,96.33332824707033
54653,1764854012349.7527,0.21783809138576732,0,649.3608465509101,116.223445724655
54654,1764854012381.0,0.6549553542959046,0,649.3333740234375,116.33333587646484
54660,1764854012567.3333,0.22669755330328029,0,696.1111043294271,92.11111450195312
54661,1764854012598.0,0.5547379275813541,0,697.3333129882812,91.66667175292967
54662,1764854012630.0,0.2524440295366592,0,648.3333740234375,116.33333587646484
54663,1764854012661.3333,0.22168875163152485,0,654.2778167724609,114.00000254313152
54674,1764854013006.0,0.2173538279951397,0,719.6666870117188,88.33333587646484
54860,1764854018814.77,0.20909378474805201,0,681.2067737273354,94.30125031496752
54861,1764854018846.0,0.4534429308712725,0,681.0,94.33333587646484
54862,1764854018878.0,0.5547379275813541,0,682.3333129882812,93.66666412353516
55050,1764854024750.0,0.22987353063981583,0,687.3333129882812,93.66666412353516
55051,1764854024782.0,0.2641267234333292,0,693.3333740234375,82.0
55052,1764854024813.2,0.23091439385929388,0,692.3778157552083,83.15555572509766
55164,1764854028314.0,0.5393061436098805,0,659.6666870117188,91.33333587646484
55430,1764854036622.7627,0.20547556220641153,0,647.0451978263209,91.03531074523926
55431,1764854036654.0,0.5720867447394291,0,647.0,91.0
55588,1764854041558.0,0.22578839647696358,0,670.3333129882812,257.0
55589,1764854041590.0,0.5288252762602973,0,669.3333740234375,257.0
55592,1764854041682.0,0.2485269330194128,0,664.3333740234375,258.0
55632,1764854042930.0,0.3569252573112929,0,610.3333129882812,278.33331298828125
55651,1764854043526.0,0.4273871476090278,0,590.3333129882812,286.3333435058594
55666,1764854043994.0,0.21331471101028318,0,601.3333740234375,278.6666564941406
55682,1764854044494.0,0.2711492934046382,0,618.0,222.3333282470703
55683,1764854044526.0,0.5617201899299948,0,617.0,220.3333435058593
55685,1764854044586.0,0.433819377018696,0,626.6666870117188,254.3333282470703
55690,1764854044742.0,0.4962297841139811,0,613.3333129882812,224.3333282470703
55769,1764854047210.7793,0.23136582640584571,0,655.7618844168527,305.05194805194805
55743,1764854046398.0,0.5057563224547823,0,656.3333129882812,91.66667175292967
55765,1764854047086.0,0.42051919780053604,0,648.0,108.00000762939452
55778,1764854047491.0,0.5464879745281555,0,650.6666259765625,91.33333587646484
55788,1764854047802.818,0.2001234357514435,0,657.0303178267045,104.3636342828924
55789,1764854047834.0,0.4725456857933544,0,657.6666870117188,105.66666412353516
55791,1764854047898.0,0.2707984545031149,0,652.6666870117188,90.33333587646484
55792,1764854047930.0,0.5464879745281555,0,653.0,90.33333587646484
55801,1764854048210.0,0.42051919780053604,0,661.6666259765625,106.0
55812,1764854048554.6667,0.23758612492907952,0,658.6111450195312,91.9444491068522
55813,1764854048586.0,0.5492836567886001,0,658.3333740234375,90.66667175292967
55831,1764854049146.0,0.270994673241821,0,637.6666870117188,85.66666412353516
55832,1764854049177.25,0.23778234366778567,0,639.2083511352539,86.10416412353516
55887,1764854050898.0,0.36892035719164556,0,652.3333129882812,138.0
56115,1764854058019.0,0.5057563224547823,0,818.6666870117188,572.0
56125,1764854058331.0,0.5639695011413814,0,782.6666870117188,611.3333129882812
56137,1764854058706.0,0.23025594726337753,0,766.3333129882812,534.6666259765625
56138,1764854058737.2432,0.2242808658148635,0,767.117096772065,534.7296901393581
56174,1764854059862.0,0.21181600830116634,0,795.3333129882812,537.0
56175,1764854059894.0,0.24011769173432734,0,794.3333740234375,537.0
56192,1764854060426.0,0.23082749244657916,0,788.6666870117188,496.6666564941406
56193,1764854060455.0,0.5396200247196636,0,788.6666870117188,495.3333129882813
56206,1764854060862.0,0.573873103949083,0,774.6666870117188,583.3333129882812
56207,1764854060894.0,0.21303567926253328,0,775.3333129882812,579.3333129882812
56219,1764854061267.0,0.5424157069801083,0,782.6666870117188,514.0
56220,1764854061298.4285,0.22689377204198644,0,782.5714460100446,515.7619105747768
56233,1764854061706.0,0.2069913855599353,0,779.0000305175781,581.0
56234,1764854061738.0,0.6196338918526656,0,779.3333740234375,581.6666870117188
56286,1764854063362.0,0.25471269825427834,0,777.3333129882812,552.3333129882812
56287,1764854063391.0,0.49837190845441254,0,778.6666870117188,552.3333129882812
56288,1764854063422.0,0.23638927385362404,0,780.0,555.3333740234375
56328,1764854064674.0,0.5038599501025377,0,788.0,258.0
56342,1764854065110.0,0.22887820647244708,0,795.3333129882812,340.0
56343,1764854065142.0,0.6611529383736646,0,796.0,352.0
56380,1764854066298.5557,0.23758612492907952,0,564.0000406901041,123.66666836208768
56381,1764854066330.0,0.5464879745281555,1,564.3333740234375,122.33333587646484
56414,1764854067359.0,0.22098540553286647,0,637.3333129882812,563.3333129882812
56415,1764854067391.0,0.6776617390631064,0,640.3333129882812,572.3333129882812
56440,1764854068171.0,0.5161821707037835,0,752.0,150.6666717529297
56455,1764854068639.0,0.40086431558871766,0,765.3333129882812,178.0
56489,1764854069703.0,0.5008190110985797,0,731.0,97.33332824707033
56491,1764854069766.0,0.3823434181739759,1,723.3333740234375,98.33333587646484
56527,1764854070890.0,0.20516876952978919,0,500.0,342.3333435058594
56528,1764854070922.0,0.49074174246585595,0,492.0,342.3333435058594
56537,1764854071203.0,0.2433401584134138,0,406.3333435058594,383.3333435058594
56538,1764854071234.0,0.680457421323551,0,396.6666870117188,391.3333435058594
56557,1764854071827.0,0.2750732394535987,0,573.0,197.3333435058593
56558,1764854071858.0,0.401597991881937,0,575.3333129882812,197.66665649414065
56606,1764854073358.0,0.5589245076695502,0,597.6666870117188,77.66666412353516
56607,1764854073389.238,0.23578140981584128,0,600.0793863932291,79.49206107003349
56627,1764854074014.0,0.23313954658677272,0,648.3333740234375,116.0
56726,1764854077107.0,0.3741504605763406,0,575.0,97.0
56727,1764854077138.2,0.2123435120149033,0,575.5851860894097,97.04444444444444
56798,1764854079355.0,0.20081484128274915,0,690.0,304.33331298828125
56809,1764854079699.0,0.5076719732268853,0,726.3333129882812,278.33331298828125
56827,1764854080262.0,0.49325544794457193,0,796.6666259765625,388.3333435058594
56840,1764854080667.0,0.5057563224547823,0,786.6666259765625,350.6666564941406
56886,1764854082102.0,0.36675190748667225,0,695.3333129882812,479.3333129882813
56893,1764854082322.0,0.5057563224547823,0,680.3333129882812,475.3333129882813
56907,1764854082759.0,0.398068633328273,0,636.0,581.3333129882812
56916,1764854083043.0,0.508552004715227,0,620.6666259765625,550.6666259765625
56921,1764854083199.0,0.5438802540999816,0,615.3333129882812,596.6666870117188
56877,1764854081823.0,0.4513765862363004,0,692.3333129882812,105.66666412353516
56883,1764854082011.0,0.2524440295366592,0,652.6666870117188,123.33333587646484
56884,1764854082042.0,0.23116960766713956,0,669.5833435058594,122.33333587646484
57125,1764854089571.0,0.2078589194090197,0,524.0,264.3333435058594
57155,1764854090507.0,0.40642493665855944,0,743.3333740234375,196.6666717529297
57156,1764854090539.0,0.3438569886726651,0,748.0,197.3333435058593
57231,1764854092883.0,0.4925281016755097,0,434.3333435058594,315.6666564941406
57270,1764854094099.0,0.5630894696530397,0,660.3333129882812,132.0
57280,1764854094411.0,0.5547379275813541,0,672.6666870117188,90.66667175292967
57282,1764854094475.0,0.23638927385362404,0,673.3333740234375,92.66666412353516
57283,1764854094506.2334,0.20317694427958868,0,673.2028182983398,92.55277525583902
57524,1764854102031.7764,0.22669755330328029,0,551.1111110252671,95.1997186845868
57525,1764854102063.0,0.5616058773898459,0,551.0,95.0
57573,1764854103563.0,0.2828084696300808,0,676.6666259765625,295.0
57574,1764854103595.0,0.20081484128274915,0,678.3333740234375,294.3333435058594
57579,1764854103751.0,0.5076719732268853,0,689.0,288.33331298828125
57580,1764854103783.0,0.21078462486211594,0,692.0,289.0
57583,1764854103875.0,0.398068633328273,0,688.3333740234375,298.0
57762,1764854109467.0,0.4056987993168296,0,808.3333740234375,524.6666259765625
57770,1764854109719.0,0.5396200247196636,0,822.3333129882812,494.6666870117188
57775,1764854109875.0,0.240572813815019,0,814.0,545.3333740234375
57776,1764854109907.0,0.24621613787226,0,813.3333740234375,544.0
57784,1764854110155.0,0.5079814239540901,0,821.3333129882812,492.0
57785,1764854110186.2666,0.23091439385929388,0,818.7333129882812,493.6222249348958
57802,1764854110719.0,0.5652187949309373,0,775.3333129882812,516.3333740234375
57803,1764854110751.0,0.3168938691988272,0,775.3333129882812,517.6666870117188
57831,1764854111624.0,0.4962297841139811,0,780.3333129882812,493.0000305175781
57845,1764854112063.0,0.5691822500480053,0,770.0,582.3333129882812
57846,1764854112091.0,0.21303567926253328,0,770.3333129882812,578.3333129882812
57859,1764854112499.0,0.5079814239540901,0,777.3333129882812,513.3333740234375
57860,1764854112530.4285,0.23091439385929388,0,777.0475987025669,515.0952758789062
57874,1764854112967.0,0.6155616243046184,0,771.3333129882812,584.3333740234375
57882,1764854113216.0,0.21755004673384584,0,772.6666870117188,542.3333740234375
57883,1764854113247.2449,0.22143353782367917,0,772.6190671336894,542.5374544104751
57931,1764854114747.0,0.2319119444090162,0,770.3333129882812,552.3333129882812
57976,1764854116155.0,0.21681955733565322,0,790.0,260.6666564941406
57977,1764854116184.0,0.5133864884433389,0,791.3333129882812,260.6666564941406
57990,1764854116591.0,0.21657509720361948,0,802.0,348.0
57991,1764854116623.0,0.6611529383736646,0,802.6666870117188,358.6666564941406
58004,1764854117028.0,0.5057563224547823,0,584.0,219.3333282470703
58012,1764854117279.0,0.3460421453354547,0,558.3333129882812,252.3333435058593
58017,1764854117435.0,0.20964609897439704,0,545.3333129882812,247.3333435058593
58018,1764854117467.0,0.5057563224547823,0,544.3333740234375,247.3333435058593
58020,1764854117527.0,0.3823434181739759,0,539.0,248.3333282470703
58027,1764854117747.0,0.36675190748667225,0,524.3333740234375,265.0
58032,1764854117903.0,0.20516876952978919,0,511.6666870117188,262.33331298828125
58033,1764854117935.0,0.49074174246585595,0,509.6666870117188,262.33331298828125
58041,1764854118184.0,0.3608447780881839,0,491.3333435058594,275.0
58043,1764854118247.0,0.3183167987434674,0,486.3333435058594,274.6666564941406
58044,1764854118279.0,0.5057563224547823,0,484.3333435058594,274.3333435058594
58050,1764854118464.0,0.24255935687883418,0,469.3333435058594,286.3333435058594
58053,1764854118559.0,0.5057563224547823,0,461.3333435058594,285.3333435058594
58160,1764854121900.0,0.2485269330194128,0,188.3333435058593,392.3333129882813
58066,1764854118964.0,0.40086431558871766,0,718.6666870117188,584.3333740234375
58071,1764854119120.0,0.23758612492907952,0,714.0,559.3333129882812
58072,1764854119152.0,0.5617201899299948,0,713.0,556.3333129882812
58076,1764854119276.0,0.5430002226116399,0,730.0,594.0
58086,1764854119591.0,0.46662998481607476,0,761.3333129882812,521.6666259765625
58097,1764854119931.0,0.3488378275958993,0,788.0,540.6666259765625
58260,1764854125025.5,0.21681955733565322,0,786.8333435058594,248.3333282470703
58261,1764854125056.0,0.5133864884433389,0,788.3333740234375,248.3333282470703
58275,1764854125495.0,0.6583572561132199,0,796.3333129882812,346.0
58291,1764854125992.0,0.20516876952978919,0,606.3333740234375,198.6666717529297
58292,1764854126024.0,0.5057563224547823,0,603.3333129882812,198.6666717529297
58293,1764854126056.0,0.21772707273498412,0,601.0,200.00001525878903
58294,1764854126087.0,0.3874462861637248,0,598.6666259765625,199.6666717529297
58295,1764854126119.0,0.398068633328273,0,598.3333129882812,201.0
58323,1764854126992.7058,0.23071817512058773,0,589.5098230698529,117.3921589570887
58324,1764854127024.0,0.5424157069801083,1,589.6666870117188,116.33333587646484
58385,1764854128931.0,0.5010642678420931,0,653.3333740234375,180.3333282470703
58425,1764854130180.0,0.31583794893082356,0,674.3333740234375,115.33333587646484
58426,1764854130211.0,0.26451580205863223,0,673.0,122.33333587646484
58427,1764854130242.0,0.2176720789749716,0,677.1111043294271,116.00000254313152
58437,1764854130555.0,0.23583101903758602,0,725.3333129882812,63.0
58438,1764854130584.0,0.5424157069801083,0,731.3333129882812,61.33333206176758
58442,1764854130709.0,0.21783809138576732,0,667.0833282470703,121.66666221618652
58443,1764854130740.0,0.680457421323551,0,661.3333129882812,131.3333282470703
58540,1764854133772.75,0.20547556220641153,0,711.0,81.08333206176758
58541,1764854133804.0,0.5652187949309373,0,712.0,81.0
58551,1764854134116.7273,0.23136582640584571,0,685.9394309303977,111.30303261496805
58552,1764854134148.0,0.6348661072545048,0,683.3333740234375,114.33333587646484
59036,1764854149264.0,0.5424157069801083,0,204.0,440.3333129882813
59038,1764854149328.0,0.4904597656841273,0,202.0,465.3333435058594
59045,1764854149548.0,0.23025594726337753,0,162.66665649414062,438.3333435058594
59046,1764854149579.2307,0.2242808658148635,0,164.48716970590445,438.4102654090294
59086,1764854150828.0,0.20081484128274915,0,242.66665649414065,458.6666564941406
59340,1764854158760.7764,0.20889971615208436,0,523.4156659294578,539.2921975528493
59341,1764854158792.0,0.6208331759679258,0,523.3333129882812,539.3333740234375
59367,1764854159604.0,0.3771058772260226,0,524.6666870117188,252.0
59368,1764854159636.0,0.21299515425705193,0,526.3333740234375,252.3333435058593
59382,1764854160076.0,0.6575724920217066,0,560.0,348.0
59383,1764854160104.0,0.2997666556380931,0,570.6666259765625,341.33331298828125
59395,1764854160480.0,0.508552004715227,0,712.3333129882812,218.3333435058593
59406,1764854160824.0,0.42051919780053604,0,712.3333129882812,258.6666564941406
59407,1764854160856.0,0.20440454645734524,0,712.3333129882812,255.3333435058593
59410,1764854160948.0,0.4288963518057243,0,713.0,246.3333282470703
59411,1764854160979.25,0.20377680298137427,0,712.9583320617676,247.145827293396
59428,1764854161512.0,0.4292764210259693,0,712.3333129882812,268.0
59446,1764854162073.0,0.2718775875492534,0,712.0,276.0
59447,1764854162104.0,0.24229640325211238,0,712.0,275.33331298828125
59448,1764854162136.0,0.28967039900615815,0,712.0,273.0
59449,1764854162167.3333,0.20377680298137427,0,711.9444427490234,273.5277786254883
59462,1764854162572.0,0.24748059507580164,0,710.6666259765625,282.0
59489,1764854163416.6667,0.23014120065459492,0,671.4444783528646,318.1666514078776
59490,1764854163448.0,0.6549553542959046,0,663.3333740234375,323.33331298828125
59499,1764854163728.0,0.680457421323551,0,686.3333129882812,349.66668701171875
59511,1764854164104.0,0.508552004715227,0,720.3333129882812,288.33331298828125
59535,1764854164853.0,0.42459146534858316,0,728.0,302.3333435058594
59704,1764854170132.0,0.398068633328273,0,631.3333740234375,580.0
59712,1764854170384.0,0.5008190110985797,0,618.0,552.3333129882812
59717,1764854170540.0,0.4925281016755097,0,606.3333740234375,601.3333129882812
59908,1764854176505.0,0.5010642678420931,0,500.0,254.3333282470703
59924,1764854177005.0,0.6776617390631064,0,539.0,356.3333435058594
59939,1764854177473.0,0.44085921968457775,0,758.3333740234375,190.3333282470703
59940,1764854177504.0,0.45404893467013346,0,764.6666870117188,190.6666717529297
59941,1764854177537.0,0.492657393237959,0,769.3333740234375,190.3333282470703
59943,1764854177600.0,0.399984284100376,0,778.6666870117188,193.0
59966,1764854178317.0,0.20516876952978919,0,795.0,117.66666412353516
59967,1764854178348.0,0.5057563224547823,0,790.3333129882812,117.33332824707033
59991,1764854179097.0,0.6549553542959046,0,596.0,271.3333435058594
60010,1764854179692.6667,0.21207770169287687,0,631.2777608235677,194.0
60011,1764854179724.0,0.49837190845441254,0,632.3333129882812,194.0
60014,1764854179816.0,0.3564679935844559,0,635.0,198.3333282470703
60035,1764854180472.625,0.23071817512058773,0,648.7916641235352,121.0416660308838
60036,1764854180504.0,0.5424157069801083,0,650.0,116.0
60045,1764854180785.0,0.44505536428139086,0,621.3333740234375,151.3333282470703
60046,1764854180817.0,0.33303855328055193,0,618.0,152.0
60047,1764854180848.0,0.20516876952978919,0,613.6666259765625,151.3333282470703
60048,1764854180880.0,0.49074174246585595,0,610.3333129882812,151.3333282470703
60158,1764854184316.0,0.27035980666671366,0,183.3333435058593,660.3333129882812
60159,1764854184345.0,0.4765628982148089,0,189.6666717529297,661.3333740234375
60251,1764854187221.0,0.3460421453354547,0,780.3333129882812,266.0
60256,1764854187377.0,0.20918939134709663,0,774.3333740234375,254.6666717529297
60257,1764854187408.0,0.5547379275813541,0,772.6666870117188,254.6666717529297
60261,1764854187532.0,0.4177235155400914,0,772.6666870117188,262.33331298828125
60293,1764854188533.0,0.20516876952978919,0,740.0,200.3333282470703
60294,1764854188564.0,0.5057563224547823,0,737.3333129882812,200.3333282470703
60300,1764854188749.0,0.40086431558871766,0,721.3333129882812,212.0
60308,1764854189001.0,0.4934341018535365,0,715.3333129882812,186.3333435058593
60324,1764854189501.0,0.36675190748667225,0,702.6666870117188,212.3333435058593
60338,1764854189937.0,0.24030834848219387,0,696.3333129882812,177.33334350585938
60339,1764854189969.0,0.5492836567886001,0,696.3333129882812,176.3333282470703
60354,1764854190437.0,0.2433401584134138,0,654.8333435058594,227.1666641235352
60355,1764854190469.0,0.680457421323551,0,653.6666870117188,229.3333282470703
60554,1764854196685.0,0.3488378275958993,0,551.3333740234375,299.33331298828125
60564,1764854196996.0,0.2222856246030214,0,554.6666870117188,270.33331298828125
60582,1764854197561.0,0.20364207885300611,0,604.3333740234375,174.3333282470703
60583,1764854197593.0,0.4465737349010313,0,606.3333740234375,174.3333282470703
60584,1764854197621.0,0.3602679102147172,0,608.3333129882812,174.66665649414062
60585,1764854197653.0,0.49837190845441254,0,610.0,174.3333282470703
60595,1764854197965.0,0.40849448157727425,0,626.0,192.3333282470703
60647,1764854199589.0,0.5424157069801083,0,641.3333129882812,85.33332824707031
60734,1764854202309.0,0.3488378275958993,0,644.6666870117188,156.6666717529297
60743,1764854202589.0,0.5424157069801083,0,642.3333129882812,134.3333282470703
60751,1764854202841.0,0.42051919780053604,0,644.3333740234375,143.3333282470703
60762,1764854203181.0,0.23583101903758602,0,642.3333129882812,123.66667175292967
60763,1764854203213.0,0.5165030556590515,0,641.6666259765625,123.33333587646484
60773,1764854203525.0,0.25171621354417384,0,634.3333740234375,155.3333282470703
60774,1764854203557.0,0.24229640325211238,0,633.0,154.3333282470703
60781,1764854203777.0,0.24717629829068566,0,632.3333129882812,135.3333282470703
60782,1764854203809.0,0.5492836567886001,0,632.3333129882812,134.3333282470703
60786,1764854203933.0,0.3488378275958993,0,638.3333129882812,157.66665649414062
60796,1764854204245.0,0.5424157069801083,0,672.3333129882812,85.33332824707031
60797,1764854204276.0,0.22689377204198644,0,663.6666564941406,94.58333015441896
60810,1764854204681.0,0.398068633328273,0,635.0,148.33334350585938
60812,1764854204745.0,0.45899981882751817,0,634.3333740234375,132.33334350585938
60816,1764854204869.0,0.2928245194287922,0,633.3333129882812,145.3333282470703
60817,1764854204900.234,0.20679516682122914,0,634.191469882397,144.69503053705742
60862,1764854206305.766,0.22669755330328029,0,672.808530117603,115.97163358647774
60863,1764854206337.0,0.5547379275813541,0,673.6666870117188,115.33333587646484
60869,1764854206525.0,0.42051919780053604,0,639.6666870117188,134.3333282470703
60984,1764854210117.0,0.46662998481607476,1,636.3333740234375,69.66666412353516
61022,1764854211305.0,0.6611529383736646,0,1011.0,533.3333129882812
61048,1764854212117.0,0.5057563224547823,0,803.3333740234375,159.3333282470703
61050,1764854212181.0,0.3823434181739759,0,794.6666870117188,160.3333282470703
61066,1764854212677.0,0.46992316788365907,0,744.0,208.3333282470703
61077,1764854213021.0,0.20353094072331018,1,738.0,152.33334350585938
61078,1764854213053.0,0.23005972852467138,0,702.3333129882812,122.66666412353516
61079,1764854213085.0,0.49659239188437226,0,702.6666870117188,122.66666412353516
61093,1764854213521.0,0.21783809138576732,0,728.3333740234375,150.3333282470703
61094,1764854213553.0,0.2798818297540374,0,727.3333129882812,152.33334350585938
61095,1764854213585.0,0.2732835800986689,0,736.3333129882812,123.33333587646484
61096,1764854213617.0,0.26880625065406105,0,736.3333129882812,124.0
61099,1764854213709.0,0.2968491009457011,0,720.0,156.3333282470703
61101,1764854213773.0,0.3823434181739759,0,716.0,156.6666717529297
61155,1764854215461.0,0.35812111657328005,0,612.0,224.3333282470703
61165,1764854215773.0,0.6410636913322648,0,618.0,252.66665649414065
61166,1764854215801.0,0.2849395021328145,0,616.6666870117188,249.9999847412109
61171,1764854215957.0,0.5492836567886001,0,614.6666870117188,174.3333282470703
61172,1764854215988.4285,0.23778234366778567,0,615.4285888671875,184.85713849748885
61191,1764854216581.8,0.20444753570432028,0,623.6666625976562,256.3333435058594
61192,1764854216613.0,0.49837190845441254,0,624.0,256.3333435058594
61412,1764854223489.0,0.3460421453354547,0,618.3333129882812,292.3333435058594
61421,1764854223769.0,0.20248373830523048,0,605.3333129882812,267.33331298828125
61442,1764854224425.0,0.21279893551834578,0,627.0,172.3333282470703
61443,1764854224457.0,0.49837190845441254,0,628.0,172.3333282470703
61458,1764854224925.0,0.40086431558871766,0,640.3333129882812,213.3333282470703
61472,1764854225361.0,0.4602688104111798,0,645.3333129882812,165.6666717529297
61488,1764854225861.0,0.21208985736098662,0,650.3333129882812,190.3333282470703
61489,1764854225893.0,0.3488378275958993,0,651.3333129882812,190.6666717529297
61499,1764854226205.0,0.5010642678420931,0,654.3333740234375,165.33334350585938
61509,1764854226517.0,0.3564679935844559,0,661.6666259765625,182.3333282470703
61538,1764854227425.0,0.4316920340661689,0,676.3333129882812,91.33333587646484
61539,1764854227456.111,0.23091439385929388,0,675.8518337673611,92.18518744574652
61583,1764854228829.739,0.20547556220641153,0,706.3043292501699,115.3043501480766
61584,1764854228861.0,0.4682165639190247,0,707.3333129882812,115.33333587646484
61589,1764854229017.0,0.20535550731349636,0,684.0,114.0
61602,1764854229421.0,0.4962297841139811,0,695.3333129882812,85.66666412353516
61620,1764854229985.0,0.42051919780053604,0,694.3333740234375,154.6666717529297
61621,1764854230017.0,0.20440454645734524,0,694.3333740234375,152.5
61627,1764854230205.0,0.5079814239540901,0,694.3333740234375,135.3333282470703
61628,1764854230235.6667,0.23137110148659432,0,694.3333740234375,136.44444274902344
61633,1764854230390.0,0.28147924017569254,0,694.3333740234375,157.33334350585938
61653,1764854231017.0,0.4934341018535365,0,689.6666870117188,133.3333282470703
61657,1764854231141.0,0.23313954658677272,0,688.3333740234375,152.33334350585938
61658,1764854231172.0,0.20440454645734524,0,688.3333740234375,151.6666717529297
61681,1764854231890.0,0.508552004715227,0,682.3333129882812,137.3333282470703
61685,1764854232017.0,0.2095173903743435,0,680.3333129882812,156.6666717529297
61686,1764854232046.0,0.24229640325211238,0,680.3333129882812,156.6666717529297
61691,1764854232202.0,0.4054342617083739,0,681.0,138.6666717529297
61692,1764854232233.3333,0.2077974247986817,0,680.9444427490234,139.55555979410806
61703,1764854232578.0,0.42051919780053604,0,680.3333129882812,149.3333282470703
61781,1764854235014.0,0.397725504173197,0,689.6666870117188,65.66666412353516
61846,1764854237045.0,0.5866758859085832,0,669.0,566.3333129882812
61928,1764854239606.0,0.5079814239540901,0,662.3333129882812,244.3333435058593
61929,1764854239637.2,0.23137110148659432,0,662.3333129882812,245.03334197998043
61989,1764854241510.8,0.2001234357514435,0,674.3333312988282,119.5333267211914
61990,1764854241542.0,0.45686164123288264,0,677.0,120.99999237060548
62045,1764854243262.0,0.6319009511595238,1,390.3333129882813,486.6666564941406
62046,1764854243293.2,0.2299824218054366,0,399.1333190917969,475.0666564941406
62050,1764854243418.0,0.21433407501094087,0,434.3333435058594,428.6666564941406
62071,1764854244074.0,0.5076719732268853,0,690.0,210.0
62073,1764854244137.0,0.3781472735771627,0,698.3333740234375,210.3333435058593
62109,1764854245259.3333,0.26196056577498994,0,754.8888956705729,126.44444783528644
62110,1764854245290.0,0.5617201899299948,0,749.6666870117188,118.33333587646484
62115,1764854245449.0,0.25343925013424207,0,772.0,149.3333282470703
62130,1764854245917.0,0.5133864884433389,0,789.3333740234375,142.6666717529297
62138,1764854246166.0,0.3536723113240113,0,797.3333129882812,150.3333282470703
62149,1764854246510.8,0.21207770169287687,0,809.3999755859375,140.33334350585938
62150,1764854246542.0,0.49837190845441254,0,810.3333129882812,140.33334350585938
62162,1764854246917.0,0.21279893551834578,0,821.3333129882812,136.33334350585938
62163,1764854246946.0,0.5133864884433389,0,822.3333129882812,136.33334350585938
62385,1764854253882.0,0.20594935785388693,0,643.3333740234375,236.3333435058593
62386,1764854253914.0,0.2732835800986689,0,662.3333129882812,226.3333435058593
62387,1764854253946.0,0.23091439385929388,0,662.3333129882812,227.3333282470703
62401,1764854254382.0,0.24229640325211238,0,656.3333129882812,270.33331298828125
62432,1764854255350.0,0.21279893551834578,0,700.6666259765625,144.0
62433,1764854255382.0,0.5133864884433389,0,702.3333129882812,144.0
62446,1764854255786.0,0.3695475897471169,0,718.0,171.3333282470703
62447,1764854255818.0,0.20480576706210935,0,718.3333740234375,170.0
62462,1764854256286.0,0.5424157069801083,0,729.0,121.33332824707033
62463,1764854256317.2856,0.22689377204198644,0,728.7261897495815,121.9047568184989
62490,1764854257162.0,0.39460654647947924,0,721.3333129882812,137.3333282470703
62522,1764854258162.0,0.2173538279951397,0,683.3333740234375,114.0
62523,1764854258194.0,0.48707292744864145,0,684.3333740234375,114.0
62561,1764854259378.0,0.3460421453354547,0,662.3333129882812,139.3333282470703
62564,1764854259474.0,0.4934341018535365,0,657.3333129882812,132.6666717529297
62573,1764854259754.0,0.46179550108796286,0,650.6666259765625,124.33333587646484
62608,1764854260850.0,0.3460421453354547,0,636.3333740234375,148.6666717529297
62635,1764854261690.0,0.3792102646558315,0,637.3333129882812,134.3333282470703
62636,1764854261722.0,0.285596344970491,0,637.3333129882812,137.3333282470703
62637,1764854261754.0,0.5424157069801083,0,641.3333129882812,114.0
62638,1764854261784.6667,0.23091439385929388,0,639.0,127.11111450195312
62640,1764854261846.0,0.429565920355807,0,634.3333740234375,153.33334350585938
62641,1764854261878.0,0.35774123527665325,0,634.3333740234375,132.6666717529297
62642,1764854261910.0,0.22213502924703282,0,634.3333740234375,154.3333282470703
62652,1764854262222.0,0.23953022080019776,0,634.6666870117188,143.3333282470703
62654,1764854262286.0,0.5272859069039765,0,623.0,83.0
62655,1764854262317.2,0.26215678451369606,0,625.9333374023438,94.66666564941406
62676,1764854262974.0,0.2951134262856401,0,631.3333740234375,149.66665649414062
62677,1764854263004.6667,0.20440454645734524,0,631.3333740234375,148.77777099609375
62732,1764854264722.762,0.22669755330328029,0,644.4603358677456,113.2857171921503
62733,1764854264754.0,0.5519422453209095,0,643.6666870117188,112.33333587646484
62736,1764854264846.0,0.4725456857933544,0,630.3333129882812,122.33333587646484
62752,1764854265346.0,0.2078589194090197,0,636.3333740234375,70.33333587646484
62777,1764854266126.0,0.205292170727357,0,762.0,214.3333282470703
62789,1764854266502.0,0.20194818545385998,0,802.3333129882812,186.0
62790,1764854266534.0,0.5076719732268853,0,806.3333129882812,186.0
62813,1764854267250.0,0.3479577961075577,0,874.3333740234375,293.3333435058594
62824,1764854267594.0,0.51046765548733,0,920.0,271.6666564941406
62841,1764854268126.0,0.3686675582587753,0,975.3333129882812,358.3333435058594
62848,1764854268346.0,0.5076719732268853,0,1008.0,346.3333435058594
62849,1764854268378.0,0.20728063904059835,0,1012.3333129882812,346.66668701171875
62864,1764854268846.0,0.24459387732671173,0,1068.666748046875,419.3333435058594
62869,1764854269002.0,0.40234563639777543,0,1096.333251953125,414.6666870117188
62870,1764854269034.0,0.6155616243046184,0,1102.333251953125,416.3333435058594
62901,1764854270002.0,0.20516876952978919,0,766.6666259765625,184.3333282470703
62902,1764854270030.0,0.49074174246585595,0,760.3333129882812,184.3333282470703
62914,1764854270406.0,0.40086431558871766,0,704.0,208.3333282470703
62930,1764854270906.0,0.5057563224547823,0,681.0,164.3333282470703
62941,1764854271250.0,0.3488378275958993,0,669.3333740234375,179.3333282470703
62982,1764854272530.0,0.5624231126704927,0,650.0,135.3333282470703
62988,1764854272718.0,0.20427844965271386,0,646.0,156.6666717529297
62989,1764854272750.0,0.3689270746372991,0,644.6666870117188,159.3333282470703
62990,1764854272782.0,0.5424157069801083,0,649.0,120.33333587646484
62996,1764854272970.0,0.22185846144141647,0,643.0,138.3333282470703
62997,1764854272998.0,0.5424157069801083,0,642.3333129882812,136.33334350585938
63003,1764854273187.0,0.3460421453354547,0,644.0,159.3333282470703
63017,1764854273623.7778,0.23071817512058773,0,646.2592366536459,115.000003390842
63018,1764854273655.0,0.5424157069801083,0,646.3333129882812,112.33333587646484
63026,1764854273906.0,0.40242794633066975,0,640.0,156.3333282470703
63039,1764854274310.0,0.5617201899299948,0,619.3333740234375,85.66666412353516
63048,1764854274594.0,0.27942938172516835,0,634.6666870117188,156.0
63049,1764854274624.0,0.20440454645734524,0,634.6666870117188,154.8333282470703
63053,1764854274750.0,0.41085452904418185,0,636.0,118.0
63054,1764854274782.0,0.27887776855120067,0,636.3333740234375,139.3333282470703
63055,1764854274810.0,0.26926295828136143,0,635.3333129882812,117.33332824707033
63056,1764854274841.4285,0.20232704960602887,0,635.3333129882812,119.9047568184989
63069,1764854275250.0,0.27797398590196887,0,634.3333740234375,154.3333282470703
63124,1764854276966.0,0.46662998481607476,0,639.6666870117188,68.33333587646484
63164,1764854278218.0,0.5029539499245109,0,1091.6666259765625,434.6666564941406
63168,1764854278356.0,0.21240251434972474,0,1099.6666259765625,395.6666870117188
63190,1764854279030.0,0.4934341018535365,0,810.3333129882812,158.6666717529297
63202,1764854279403.0,0.3488378275958993,0,757.3333129882812,176.0
63209,1764854279622.0,0.5079814239540901,0,750.3333129882812,150.3333282470703
63210,1764854279653.4285,0.23091439385929388,0,744.9523664202009,154.9047568184989
63244,1764854280714.0,0.2968491009457011,0,510.3333129882813,516.6666870117188
63287,1764854282058.0,0.2070844203018922,0,658.3333740234375,110.33333587646484
63288,1764854282090.0,0.5076719732268853,0,662.3333129882812,110.33333587646484
63539,1764854289931.0,0.5547379275813541,0,685.3333129882812,99.33333587646484
63540,1764854289962.182,0.22689377204198644,0,685.060585715554,99.5151533647017
63559,1764854290555.0,0.4412289599517536,0,681.3333129882812,137.3333282470703
63600,1764854291835.0,0.20918939134709663,0,772.0,106.0
63601,1764854291866.0,0.5057563224547823,0,769.3333740234375,105.66666412353516
63625,1764854292618.0,0.5595642986604533,0,728.6666870117188,204.6666717529297
63664,1764854293835.0,0.27593468935114707,0,706.6666259765625,140.33334350585938
63665,1764854293867.0,0.5492836567886001,0,706.3333129882812,137.3333282470703
63666,1764854293899.0,0.24229640325211238,0,709.3333740234375,163.3333282470703
63675,1764854294179.0,0.5492836567886001,0,707.3333129882812,131.3333282470703
63680,1764854294335.0,0.4177235155400914,0,709.6666870117188,153.33334350585938
63693,1764854294742.6428,0.26196056577498994,0,668.1904776436942,97.92856979370116
63694,1764854294774.0,0.5617201899299948,0,665.0,93.66666412353516
63706,1764854295147.0,0.364521872156371,0,695.3333129882812,156.6666717529297
63713,1764854295367.0,0.2248734359075683,0,693.3333740234375,134.3333282470703
63714,1764854295398.0,0.5335996122281284,0,692.0,134.3333282470703
63716,1764854295459.0,0.5416045380882959,0,694.3333740234375,145.0
63736,1764854296083.7273,0.23356550311177207,0,668.8787897283381,88.78788063742898
63737,1764854296115.0,0.5712467282707959,0,669.0,88.33333587646484
63742,1764854296272.5,0.203376519955254,0,684.3333740234375,153.33334350585938
63762,1764854296898.0,0.5131412316998256,0,677.6666870117188,135.3333282470703
63768,1764854297082.0,0.42051919780053604,0,674.6666870117188,154.3333282470703
63774,1764854297271.0,0.2562567431470369,0,674.6666870117188,134.6666717529297
63775,1764854297303.0,0.2641267234333292,0,677.0,63.66666793823242
63776,1764854297334.276,0.22143353782367917,0,676.8620689655172,66.25287496632544
63803,1764854298178.724,0.2001234357514435,0,673.1379310344828,136.08046472483667
63804,1764854298210.0,0.42051919780053604,0,673.0,138.6666717529297
63812,1764854298459.0,0.6050807569550352,0,673.6666870117188,116.66666412353516
63817,1764854298615.0,0.21287649855053184,0,673.5000305175781,84.33333587646484
63818,1764854298647.0,0.5616058773898459,0,673.3333740234375,84.33333587646484
63828,1764854298959.0,0.24744076362351078,0,673.3333740234375,123.33333587646484
63829,1764854298990.5,0.20507157738413576,0,673.8333740234375,117.83333587646484
63845,1764854299491.0,0.46662998481607476,0,683.3333740234375,68.33333587646484
63910,1764854301519.0,0.5133864884433389,0,638.3333129882812,175.3333282470703
63920,1764854301831.0,0.3536723113240113,0,652.3333129882812,190.6666717529297
63936,1764854302331.0,0.5038599501025377,0,662.3333129882812,138.6666717529297
63937,1764854302362.2,0.20691526740937605,0,662.7333251953125,139.20000305175782
63953,1764854302863.0,0.3695475897471169,0,650.0,216.3333282470703
63958,1764854303019.0,0.2596493939887214,0,648.0,202.66665649414065
64011,1764854304675.0,0.5863096370904776,1,585.6666259765625,709.0
64012,1764854304707.0,0.20586663959824805,0,599.6666870117188,698.3333129882812
64022,1764854305019.0,0.3479292719122186,0,743.3333740234375,645.3333740234375
64023,1764854305051.0,0.20728063904059835,0,757.0,645.6666870117188
64049,1764854305863.0,0.5547379275813541,0,679.3333740234375,119.66667175292967
64050,1764854305895.0,0.43843327769130896,0,679.3333740234375,122.0
64095,1764854307299.7827,0.23071817512058773,0,645.7463776961616,74.39130683567214
64096,1764854307331.0,0.5492836567886001,0,645.0,73.33333587646484
64123,1764854308174.5,0.2046007651960514,0,672.3333129882812,133.0
64124,1764854308206.0,0.4177235155400914,0,672.3333129882812,133.3333282470703
64129,1764854308363.0,0.23025594726337753,0,654.3333740234375,122.0
64130,1764854308394.182,0.22830148763217095,0,656.0303400213069,122.1515156139027
64140,1764854308706.0,0.40849448157727425,0,673.0,123.66667175292967
64158,1764854309267.0,0.5010642678420931,0,683.0,65.66666412353516
64733,1764854327227.0,0.20964609897439704,0,798.3333740234375,422.3333435058594
64734,1764854327259.0,0.49074174246585595,0,796.0,422.3333435058594
64748,1764854327699.0,0.27797398590196887,0,756.6666259765625,482.3333129882813
64760,1764854328071.0,0.4327331436801451,0,742.3333129882812,435.6666564941406
64761,1764854328103.0,0.4699435461474014,0,740.3333129882812,436.3333435058594
64762,1764854328135.0,0.5057563224547823,0,739.3333740234375,435.6666564941406
64766,1764854328259.0,0.6583572561132199,1,733.6666870117188,443.3333129882813
64793,1764854329103.0,0.20516876952978919,0,639.3333740234375,152.33334350585938
64794,1764854329135.0,0.508552004715227,0,637.3333129882812,152.33334350585938
64812,1764854329695.0,0.2749520522805605,0,615.3333129882812,214.6666717529297
64828,1764854330195.0,0.3603188545721263,0,602.3333129882812,147.6666717529297
64836,1764854330447.4443,0.21209776775901162,0,596.1110907660591,150.0370330810547
64837,1764854330479.0,0.6680208881821564,0,595.3333129882812,150.3333282470703
64840,1764854330571.0,0.5464879745281555,0,597.6666870117188,89.33332824707031
64846,1764854330759.0,0.5207713976883821,0,607.3333129882812,140.6666717529297
64864,1764854331323.0,0.3536723113240113,0,635.3333129882812,185.6666717529297
64873,1764854331603.0,0.2435508426175052,0,644.0,158.0
64885,1764854331975.7273,0.2123435120149033,0,615.1211936257102,92.69696738503195
64886,1764854332007.0,0.5817275956203791,0,615.3333129882812,92.66666412353516
64902,1764854332508.0,0.23025594726337753,0,621.3333740234375,93.66666412353516
64903,1764854332539.6667,0.22830148763217095,0,622.3333740234375,93.8888880411784
64913,1764854332851.0,0.6356508713460182,0,662.3333129882812,154.6666717529297
64914,1764854332883.0,0.40397346118869193,0,628.0,95.33333587646484
64915,1764854332914.0,0.20781814304454765,0,637.3333282470703,109.0833339691162
64918,1764854333007.0,0.20184982927847095,0,665.3333129882812,150.3333282470703
64933,1764854333476.3333,0.26458941009804743,0,635.5555419921875,96.33332824707033
64934,1764854333507.0,0.5720867447394291,0,635.3333129882812,96.33332824707033
64948,1764854333944.0,0.20444753570432028,0,640.0833282470703,97.33332824707033
64949,1764854333975.0,0.49074174246585595,0,640.3333129882812,97.33332824707033
64960,1764854334319.0,0.24718186028152528,0,644.0,98.0
64961,1764854334351.0,0.3564679935844559,0,646.3333129882812,98.66667175292967
64975,1764854334787.8,0.23758612492907952,0,648.333349609375,73.66666412353516
64976,1764854334819.0,0.5617201899299948,0,647.6666870117188,71.66666412353516
64977,1764854334851.0,0.2190605645157257,0,652.3333129882812,79.0
64979,1764854334915.0,0.5624231126704927,0,652.3333129882812,77.66666412353516
64988,1764854335195.0,0.3488378275958993,0,647.3333129882812,151.3333282470703
64991,1764854335288.0,0.21650604835913972,0,646.3333129882812,143.3333282470703
64993,1764854335351.0,0.4535642569277973,0,651.3333129882812,73.0
64994,1764854335383.0,0.6137765020367865,0,646.3333129882812,136.33334350585938
64995,1764854335415.0,0.5114875498033559,0,651.0,73.0
65004,1764854335695.0,0.3488378275958993,0,650.6666259765625,149.66665649414062
65014,1764854336007.5,0.22123731908497302,0,656.2916641235352,106.83333492279051
65015,1764854336039.0,0.5424157069801083,0,657.0,102.33333587646484
65024,1764854336319.0,0.2859565696203004,0,642.3333129882812,153.0
65032,1764854336568.0,0.2596493939887214,0,642.3333129882812,134.3333282470703
65033,1764854336599.182,0.2077974247986817,0,641.9696766246449,134.63635808771306
65105,1764854338851.0,0.20363191787640297,0,635.3333129882812,124.66667175292967
65121,1764854339351.0,0.5335996122281284,0,643.6666870117188,71.66666412353516
65122,1764854339382.077,0.20691526740937605,0,644.4872013972356,72.48717733529898
65191,1764854341535.0,0.20918939134709663,0,744.3333740234375,176.3333282470703
65192,1764854341567.0,0.5057563224547823,0,737.3333129882812,176.3333282470703
65202,1764854341880.0,0.3460421453354547,0,687.3333129882812,191.3333435058593
65218,1764854342379.0,0.21492027144662515,0,653.6666870117188,138.3333282470703
65220,1764854342441.0,0.23071817512058773,0,658.1111043294271,123.66666666666669
65221,1764854342472.0,0.5424157069801083,0,660.3333129882812,116.33333587646484
65235,1764854342911.0,0.40086431558871766,0,609.0,213.66665649414065
65247,1764854343284.0,0.3603188545721263,0,596.0,170.0
65276,1764854344191.0,0.3460421453354547,0,570.0,344.33331298828125
65286,1764854344504.0,0.20516876952978919,0,554.3333740234375,317.66668701171875
65287,1764854344535.0,0.5057563224547823,0,552.3333129882812,317.3333435058594
65301,1764854344972.0,0.2433401584134138,0,533.3333129882812,384.0000305175781
65302,1764854345004.0,0.680457421323551,1,532.0,392.3333129882813
65314,1764854345379.0,0.20450986412636482,0,582.3333129882812,220.3333435058593
65315,1764854345411.0,0.5038599501025377,0,582.3333129882812,220.3333435058593
65325,1764854345723.0,0.43207210328641393,0,588.3333129882812,249.9999847412109
65326,1764854345752.0,0.21304631204978336,0,587.3333129882812,248.3333282470703
65345,1764854346347.0,0.42051919780053604,0,582.3333129882812,257.0
65437,1764854349220.0,0.469248301488269,0,658.3333740234375,63.33333206176758
65438,1764854349252.0,0.49050669965605687,0,673.3333740234375,87.66666412353516
65439,1764854349283.0,0.27613090808985324,0,658.3333740234375,63.33333206176758
65453,1764854349720.0,0.6356508713460182,0,673.6666870117188,92.66666412353516
65491,1764854350908.0,0.28560415189052546,0,597.3333129882812,265.0
65492,1764854350939.0,0.2110066859438106,0,598.3333129882812,264.3333435058594
65496,1764854351064.0,0.4962297841139811,0,603.3333129882812,256.3333435058594
65499,1764854351156.0,0.42051919780053604,0,604.0,265.6666564941406
65507,1764854351408.0,0.5051857416936454,0,595.3333129882812,238.3333282470703
65508,1764854351439.2,0.20377680298137427,0,592.6222045898437,239.13332824707032
65531,1764854352156.0,0.40203947097961973,0,560.3333129882812,277.0
65558,1764854353000.0,0.2070844203018922,0,603.3333129882812,180.6666717529297
65559,1764854353032.0,0.5076719732268853,0,606.3333740234375,180.6666717529297
65573,1764854353468.0,0.4056987993168296,0,638.6666259765625,212.3333435058593
65591,1764854354031.7144,0.21207770169287687,0,654.5714111328125,173.33334350585938
65592,1764854354063.0,0.49837190845441254,0,655.3333129882812,173.33334350585938
65601,1764854354344.0,0.203376519955254,0,662.0,190.6666717529297
65611,1764854354656.0,0.46662998481607476,0,668.0,167.3333282470703
65623,1764854355032.0,0.3488378275958993,0,675.3333129882812,178.66665649414062
65631,1764854355280.0,0.42008025705374435,0,678.6666870117188,164.6666717529297
65641,1764854355592.0,0.3564679935844559,0,684.3333740234375,171.3333282470703
65679,1764854356779.0,0.4316920340661689,0,698.3333740234375,124.33333587646484
65680,1764854356812.0,0.2647856288367536,0,698.3333740234375,124.66667175292967
65697,1764854357343.0,0.3488378275958993,0,690.6666259765625,159.3333282470703
65698,1764854357375.0,0.20440454645734524,0,690.3333129882812,156.3333282470703
65726,1764854358248.0,0.20918939134709663,0,689.6666870117188,123.33333587646484
65727,1764854358280.0,0.5057563224547823,0,689.0,123.33333587646484
65737,1764854358592.0,0.3168938691988272,0,682.3333129882812,153.33334350585938
65746,1764854358872.0,0.5079814239540901,0,681.0,135.6666717529297
65747,1764854358903.182,0.22689377204198644,0,681.3030340021306,136.515156139027
65757,1764854359215.0,0.364521872156371,0,684.3333740234375,145.0
65769,1764854359592.0,0.23664759109558986,0,681.0,126.33332824707033
65771,1764854359655.0,0.5617201899299948,0,661.0,89.66666412353516
65772,1764854359686.2,0.26215678451369606,0,664.8,101.33333129882811
65779,1764854359904.0,0.42051919780053604,0,678.6666870117188,155.3333282470703
65803,1764854360655.0,0.25685059368742746,0,651.3333129882812,108.33333587646484
65807,1764854360780.0,0.5390538830208824,0,659.3333740234375,36.66666793823242
65863,1764854362528.7715,0.2001234357514435,0,677.5904959542411,137.05713304792133
65864,1764854362560.0,0.42051919780053604,0,677.6666870117188,137.66665649414062
65894,1764854363496.0,0.46662998481607476,0,685.0,66.33333587646484
65967,1764854365776.0,0.46942566707651945,0,620.3333129882812,135.6666717529297
65986,1764854366372.0,0.20522190755249484,0,630.3333129882812,174.3333282470703
65987,1764854366400.0,0.4725456857933544,0,630.3333129882812,177.33334350585938
66008,1764854367056.0,0.20214440419256613,0,645.6666259765625,114.33333587646484
66045,1764854368212.0,0.5076719732268853,0,910.0,425.9999694824219
66086,1764854369496.0,0.20516876952978919,0,719.3333740234375,128.33334350585938
66087,1764854369524.0,0.49074174246585595,0,714.6666870117188,128.33334350585938
66104,1764854370056.0,0.398068633328273,0,667.3333129882812,176.3333282470703
66123,1764854370648.0,0.24030834848219387,0,673.0,95.33333587646484
66124,1764854370680.0,0.5396200247196636,0,673.0,94.66667175292967
66126,1764854370744.0,0.2025184976836723,0,652.0,116.66666412353516
66134,1764854370992.0,0.5161821707037835,0,690.3333129882812,113.33332824707033
66179,1764854372400.0,0.21209776775901162,0,912.3333129882812,563.3333129882812
66204,1764854373180.0,0.20048924230905737,0,702.3333129882812,156.3333282470703
66205,1764854373212.0,0.5057563224547823,0,700.3333129882812,156.3333282470703
66218,1764854373616.0,0.40086431558871766,0,670.0,182.3333282470703
66249,1764854374584.0,0.5131412316998256,0,642.3333129882812,116.66666412353516
66323,1764854376896.0,0.47323769020086703,0,648.6666870117188,159.3333282470703
66335,1764854377272.0,0.40849448157727425,0,668.6666870117188,183.3333435058593
66372,1764854378428.6155,0.2579399439576825,0,684.1282019981971,114.64102818415716
66373,1764854378460.0,0.5740424105312405,1,684.0,114.33333587646484
66394,1764854379116.0,0.26793709774828756,0,758.3333740234375,400.3333435058594
66396,1764854379176.0,0.35884090808339586,0,766.0,398.3333129882813
66437,1764854380460.0,0.20516876952978919,0,640.0,202.0
66438,1764854380488.0,0.44505536428139086,0,636.3333740234375,202.0
66439,1764854380520.0,0.3460421453354547,0,633.3333129882812,202.3333435058593
66458,1764854381113.0,0.20444753570432028,0,602.5833740234375,144.33334350585938
66459,1764854381144.0,0.4935374247263006,0,601.3333740234375,144.33334350585938
66464,1764854381304.0,0.42051919780053604,0,601.0,152.33334350585938
66465,1764854381335.2,0.20440454645734524,0,601.0,151.1333435058594
66474,1764854381616.0,0.4316920340661689,0,601.0,140.33334350585938
66476,1764854381676.0,0.21181583733866954,0,601.0,141.0
66524,1764854383176.0,0.5424157069801083,0,619.6666870117188,73.0
66525,1764854383207.2258,0.22689377204198644,0,618.9785136561239,74.16129032258064
66664,1764854387548.0,0.24631663467253437,0,607.3333129882812,154.0
67451,1764854412133.7642,0.20547556220641153,0,593.0542007074123,143.37397871560196
67452,1764854412165.0,0.5624231126704927,0,593.0,143.3333282470703
67458,1764854412353.0,0.3460421453354547,0,588.6666259765625,148.33334350585938
67599,1764854416757.0,0.21755004673384584,0,617.0,96.33332824707033
67611,1764854417133.0,0.3695475897471169,0,613.6666259765625,99.33333587646484
67614,1764854417226.0,0.22669755330328029,0,612.6666412353516,98.58333587646484
67615,1764854417257.0,0.5616058773898459,0,612.3333129882812,98.33333587646484
67758,1764854421725.0,0.3488378275958993,0,660.3333129882812,138.6666717529297
67774,1764854422225.0,0.39673411267033465,0,660.3333129882812,122.33333587646484
67775,1764854422256.1836,0.20377680298137427,0,660.3605234574298,122.51700919015067
67822,1764854423721.8164,0.2069913855599353,0,661.6394155074139,131.14965493338448
67823,1764854423753.0,0.4890544864827962,0,661.6666259765625,131.3333282470703
68007,1764854429501.0,0.24717629829068566,0,651.6666259765625,63.66666793823242
68008,1764854429533.0,0.5617201899299948,0,651.6666259765625,61.66666793823242
68013,1764854429689.0,0.40856665887475174,0,660.0,108.00000762939452
68020,1764854429909.6667,0.2225010768665408,0,653.111094156901,105.5555508931478
68021,1764854429941.0,0.4287785945052806,0,652.3333129882812,105.33332824707033
68022,1764854429973.0,0.6611529383736646,0,654.3333740234375,106.0
68024,1764854430033.0,0.20470608286507097,0,645.0,59.66666793823242
68101,1764854432437.0,0.4962297841139811,0,831.0,116.99999237060548
68115,1764854432877.0,0.3488378275958993,0,821.6666259765625,150.3333282470703
68402,1764854441841.7595,0.2001234357514435,0,683.7573837087124,113.92616035364853
68403,1764854441873.0,0.42051919780053604,0,684.0,114.0
68440,1764854443029.8,0.23671795286081374,0,642.4221842447917,85.7111089070638
68441,1764854443061.0,0.5845232778808238,0,641.6666259765625,85.66666412353516
68446,1764854443217.0,0.3727973170139682,0,641.0,87.0
68486,1764854444465.0,0.2579923747303334,0,623.3333129882812,85.33332824707031
68487,1764854444496.2,0.21436319998026637,0,630.5333129882813,85.3666618347168
68495,1764854444745.8,0.2022258349395602,0,688.1333129882812,85.63333053588867
68496,1764854444777.0,0.4682165639190247,0,695.3333129882812,85.66666412353516
68508,1764854445153.0,0.2431556764733782,0,625.0,76.33333587646484
68509,1764854445185.0,0.5740424105312405,0,625.0,75.66666412353516
68529,1764854445809.0,0.20444753570432028,0,700.0000203450521,151.3333282470703
68530,1764854445841.0,0.49074174246585595,0,699.3333740234375,151.3333282470703
68539,1764854446121.0,0.3488378275958993,0,693.3333740234375,156.6666717529297
68625,1764854448809.0,0.5158866928022476,0,637.0,90.33333587646484
68756,1764854452901.0,0.2664378952195978,0,717.6666870117188,61.33333206176758
68757,1764854452930.0,0.5492836567886001,0,717.6666870117188,59.66666793823242
68766,1764854453213.0,0.3368567644747759,0,714.3333740234375,59.66666793823242
68808,1764854454525.0,0.6319009511595238,1,308.6666564941406,526.3333740234375
68809,1764854454556.0,0.2299824218054366,0,315.49999237060547,510.08336639404297
68812,1764854454649.0,0.21433407501094087,0,336.0,461.3333435058594
68838,1764854455461.0,0.2070844203018922,0,602.3333129882812,155.3333282470703
68839,1764854455493.0,0.5076719732268853,0,606.3333740234375,155.3333282470703
68853,1764854455929.0,0.4056987993168296,0,636.6666870117188,178.3333282470703
68871,1764854456493.0,0.5076719732268853,0,656.3333129882812,132.33334350585938
68939,1764854458617.0,0.20516876952978919,0,665.3333129882812,119.33333587646484
68940,1764854458649.0,0.5057563224547823,0,661.3333129882812,119.33333587646484
68942,1764854458710.0,0.3823434181739759,0,652.3333129882812,119.66667175292967
68945,1764854458805.0,0.3460421453354547,0,640.3333129882812,124.33333587646484
68973,1764854459678.0,0.5616058773898459,0,591.6666870117188,98.33333587646484
68974,1764854459709.2449,0.21253973075360946,0,592.3537610112404,98.45578470035476
69022,1764854461209.0,0.5688039848694934,0,625.3333129882812,104.33332824707033
69258,1764854468582.7524,0.2022258349395602,0,648.2921196965888,115.95709572216072
69259,1764854468614.0,0.4682165639190247,0,648.3333740234375,116.0
69300,1764854469894.0,0.22149310551896723,0,649.0,75.33333587646484
69301,1764854469926.0,0.22149310551896723,0,649.0,75.66666412353516
69308,1764854470143.5,0.2378190738075045,0,660.0,132.33334350585938
69316,1764854470394.0,0.2641267234333292,0,657.6666870117188,100.33332824707033
69317,1764854470425.3333,0.23539172330390173,0,657.6666870117188,100.999994913737
69321,1764854470550.6667,0.2046007651960514,0,657.6666870117188,103.66666158040366
69322,1764854470582.0,0.4177235155400914,0,657.6666870117188,104.33332824707033
69339,1764854471110.889,0.23071817512058773,0,656.4073893229166,79.14814546373155
69340,1764854471142.0,0.5396200247196636,0,656.3333129882812,77.66666412353516
69342,1764854471206.0,0.6549553542959046,0,650.3333129882812,108.33333587646484
69343,1764854471238.0,0.24290473233646048,0,656.3333129882812,77.66666412353516
69344,1764854471269.1875,0.22143353782367917,0,655.8749809265137,78.8333306312561
69360,1764854471767.5,0.21458323507111782,0,648.3333435058594,96.33332824707033
69371,1764854472110.7273,0.23071817512058773,0,652.8182206587358,79.36363358931108
69372,1764854472142.0,0.5424157069801083,0,653.3333740234375,77.66666412353516
69435,1764854474110.0,0.24717629829068566,0,645.6666259765625,65.66666412353516
69436,1764854474142.0,0.5492836567886001,0,645.6666259765625,63.33333206176758
69451,1764854474610.0,0.20394626321076054,0,635.3333129882812,117.66666412353516
69453,1764854474674.0,0.21240251434972474,0,648.3333740234375,106.66666412353516
69454,1764854474705.0,0.22039012742554268,0,637.6666870117188,60.33333587646485
69494,1764854475954.0,0.6611529383736646,1,920.3333129882812,532.3333740234375
69520,1764854476766.0,0.20964609897439704,0,786.0,240.3333282470703
69521,1764854476798.0,0.49074174246585595,0,784.6666870117188,240.3333282470703
69805,1764854485666.7627,0.20547556220641153,0,790.6222617609038,236.71103624302705
69806,1764854485698.0,0.5652187949309373,0,790.6666259765625,236.6666717529297
69808,1764854485762.0,0.3695475897471169,0,786.6666259765625,250.3333282470703
69825,1764854486294.0,0.5057563224547823,0,769.3333740234375,211.3333282470703
69834,1764854486574.0,0.5388088558278512,0,760.0,224.6666717529297
69854,1764854487198.0,0.5057563224547823,0,710.3333129882812,144.33334350585938
69872,1764854487762.0,0.398068633328273,0,677.6666870117188,198.6666717529297
69879,1764854487978.0,0.2596493939887214,0,674.3333740234375,165.6666717529297
69904,1764854488762.0,0.3617261898959264,0,662.3333129882812,174.66665649414062
69905,1764854488794.0,0.2564132627628578,0,661.3333129882812,174.3333282470703
69906,1764854488822.0,0.25192805482782843,0,661.3333129882812,169.33334350585938
69986,1764854491322.0,0.2041279051357398,0,678.3333740234375,85.66666412353516
70020,1764854492386.0,0.5720867447394291,0,695.3333129882812,85.33332824707031
70030,1764854492698.0,0.42051919780053604,0,713.0,87.0
70038,1764854492946.0,0.25471269825427834,0,708.3333740234375,86.33333587646484
70039,1764854492978.0,0.5266103363631118,0,709.6666870117188,86.33333587646484
70080,1764854494258.0,0.49074174246585595,0,698.6666870117188,87.33332824707031
70097,1764854494790.0,0.5652187949309373,0,692.3333129882812,88.33333587646484
70133,1764854495914.0,0.2960391946736932,0,682.3333129882812,91.33333587646484
70216,1764854498506.0,0.3488378275958993,0,721.0,103.33333587646484
70228,1764854498882.0,0.22034421596553044,0,719.0,61.66666793823242
70229,1764854498914.0,0.5617201899299948,0,717.6666870117188,60.33333587646485
70238,1764854499194.0,0.25685059368742746,0,676.3333129882812,101.0
70239,1764854499226.0,0.21755004673384584,0,713.3333740234375,59.66666793823242
70240,1764854499258.0,0.22591086726828702,0,713.0,61.0
70280,1764854500506.8,0.2433401584134138,0,367.3333251953125,442.5333190917969
70281,1764854500538.0,0.680457421323551,1,358.6666564941406,442.6666564941406
70310,1764854501442.0,0.5076719732268853,0,634.6666870117188,128.33334350585938
70341,1764854502411.0,0.2974156868503286,0,850.6666259765625,337.3333435058594
69749,1764854483918.0,0.39460654647947924,0,683.6666870117188,114.33333587646484
69767,1764854484482.0,0.2173538279951397,0,678.3333740234375,85.33332824707031
70981,1764854522402.0,0.4990440031455854,0,645.6666259765625,97.0
71056,1764854524747.75,0.20066825435411081,0,686.3333129882812,101.27082824707033
71057,1764854524779.0,0.5238146541026673,0,686.3333129882812,101.33332824707033
71066,1764854525059.0,0.49074174246585595,0,680.0,100.66666412353516
71101,1764854526151.6667,0.20010906363549658,0,667.3333129882812,104.11110941569012
71102,1764854526182.0,0.4177235155400914,0,667.3333129882812,104.33332824707033
71440,1764854536743.0,0.49074174246585595,0,654.3333740234375,77.33333587646484
71726,1764854545675.0,0.5165030556590515,0,1201.333251953125,503.3333435058594
71733,1764854545895.0,0.5438802540999816,0,1132.333251953125,564.3333740234375
71740,1764854546115.0,0.5396200247196636,0,1118.3333740234375,505.3333129882813
71747,1764854546331.0,0.6224295741131102,0,1082.0,556.6666259765625
72192,1764854560233.0,0.20516876952978919,0,649.7778116861979,183.3333435058593
72193,1764854560264.0,0.49074174246585595,0,648.3333740234375,183.3333435058593
72204,1764854560608.0,0.398068633328273,0,638.3333129882812,208.3333282470703
72230,1764854561419.0,0.5057563224547823,1,625.3333129882812,148.6666717529297
72263,1764854562451.0,0.45672424376157517,0,568.3333129882812,372.3333129882813
72264,1764854562483.0,0.680457421323551,1,566.6666870117188,373.3333129882813
72289,1764854563263.0,0.21279893551834578,0,620.0,168.0
72290,1764854563295.0,0.49837190845441254,0,621.3333740234375,168.0
72301,1764854563639.0,0.37438207347522884,0,634.3333740234375,189.3333435058593
72317,1764854564139.0,0.5051857416936454,0,644.3333740234375,146.3333282470703
72318,1764854564170.0,0.20377680298137427,1,643.9047938755581,146.76189967564173
72351,1764854565200.0,0.20022875342046312,0,614.3333740234375,369.3333129882813
72353,1764854565263.3333,0.23331975885588038,0,611.6666666666666,369.5555623372396
72354,1764854565295.0,0.6680208881821564,1,610.3333129882812,369.6666870117188
72383,1764854566199.889,0.23071817512058773,0,646.9629584418403,154.11110602484808
72384,1764854566231.0,0.5424157069801083,0,649.0,150.3333282470703
72389,1764854566387.0,0.4056987993168296,0,638.3333129882812,206.3333282470703
72404,1764854566855.0,0.4960288850283057,0,643.3333740234375,156.0
72405,1764854566886.2666,0.20377680298137427,0,643.133369954427,156.22222188313802
72441,1764854568012.0,0.3575950508213326,0,618.3333129882812,348.3333435058594
72443,1764854568075.0,0.2542590436839117,0,616.3333740234375,345.6666564941406
72451,1764854568324.0,0.5894715681690279,1,606.6666870117188,358.3333435058594
72471,1764854568948.0,0.45899981882751817,0,594.3333740234375,182.6666717529297
72483,1764854569324.0,0.4412289599517536,0,590.3333129882812,197.3333435058593
72484,1764854569355.0,0.240572813815019,0,590.3333129882812,196.3333435058593
72507,1764854570075.0,0.21727626496295366,0,600.3333129882812,141.66665649414062
72508,1764854570104.0,0.34626535975757494,0,601.3333740234375,141.66665649414062
72509,1764854570136.0,0.23136582640584571,0,604.3333740234375,142.3333282470703
72510,1764854570168.0,0.43702799848997786,0,606.3333740234375,143.3333282470703
72515,1764854570323.0,0.5424157069801083,0,661.3333129882812,131.3333282470703
72553,1764854571511.0,0.6611529383736646,1,751.3333129882812,389.3333129882813
72573,1764854572135.0,0.35629823275481887,0,713.3333740234375,211.3333282470703
72582,1764854572415.0,0.40086431558871766,0,704.3333740234375,220.3333435058593
72600,1764854572979.0,0.5617201899299948,0,660.3333129882812,131.3333282470703
72601,1764854573010.4,0.2581361626963886,0,666.3999755859375,138.86666259765624
72632,1764854573979.0,0.2710705541030912,0,700.6666259765625,309.3333435058594
72651,1764854574571.0,0.6611529383736646,1,714.3333740234375,386.3333129882813
72675,1764854575323.0,0.508552004715227,0,665.3333129882812,186.3333435058593
72676,1764854575352.0,0.2053649882684953,0,664.3333740234375,186.66665649414065
72684,1764854575603.0,0.3460421453354547,0,656.3333129882812,200.3333282470703
72698,1764854576040.0,0.5547379275813541,1,650.3333129882812,155.6666717529297
72714,1764854576540.0,0.49837190845441254,0,656.3333129882812,216.3333282470703
72725,1764854576884.0,0.37717775573567347,0,668.0,245.00001525878903
72737,1764854577259.0,0.21366672079170448,0,678.3333740234375,222.6666717529297
72738,1764854577291.0,0.5161821707037835,0,678.3333740234375,222.6666717529297
72747,1764854577571.0,0.3536723113240113,0,685.3333129882812,241.3333435058593
72755,1764854577820.0,0.5038599501025377,0,692.0,226.3333435058593
72764,1764854578103.0,0.40223671246803583,0,696.3333129882812,236.6666717529297
72768,1764854578227.0,0.2078589194090197,0,700.0,230.3333282470703
72775,1764854578444.875,0.21209776775901162,0,704.6666488647461,231.2083415985107
72776,1764854578476.0,0.6356508713460182,0,705.3333129882812,231.3333435058593
72777,1764854578508.0,0.2801515299071607,0,686.3333129882812,190.6666717529297
72778,1764854578540.0,0.26726962843069435,0,688.0,196.3333435058593
72781,1764854578632.0,0.6611529383736646,0,694.3333740234375,212.3333435058593
72797,1764854579132.0,0.5038599501025377,0,705.3333129882812,238.3333282470703
72798,1764854579163.4285,0.20691526740937605,0,705.7142682756696,238.9047589983259
72805,1764854579384.0,0.25934637953273043,0,708.3333740234375,244.0
72942,1764854583660.0,0.20444753570432028,0,727.7450776941636,200.3333282470703
72943,1764854583691.0,0.49074174246585595,0,726.3333129882812,200.3333282470703
72950,1764854583912.0,0.3460421453354547,0,720.6666259765625,210.3333435058593
72956,1764854584100.0,0.4962297841139811,0,717.6666870117188,202.66665649414065
72961,1764854584256.0,0.3488378275958993,0,716.0,210.0
73022,1764854586160.0,0.508552004715227,0,683.3333740234375,181.3333435058593
73023,1764854586192.0,0.3996322640702251,0,683.3333740234375,186.0
73032,1764854586472.0,0.4934341018535365,0,678.0,158.3333282470703
73037,1764854586631.0,0.398068633328273,0,674.0,182.6666717529297
73054,1764854587160.0,0.5057563224547823,0,667.3333129882812,136.33334350585938
73069,1764854587628.0,0.20739235520529226,0,674.3333740234375,89.33332824707031
73074,1764854587784.0,0.21262585639765513,0,657.0,63.66666793823242
73075,1764854587815.75,0.20814852695304725,0,658.5,63.66666793823242
73077,1764854587879.25,0.21207770169287687,0,661.5,63.66666793823242
73078,1764854587911.0,0.5652187949309373,0,663.0,63.66666793823242
73121,1764854589256.0,0.3664443972283449,0,651.3333129882812,134.6666717529297
73122,1764854589287.0,0.22944601823004618,0,653.5833129882812,128.66666984558103
73124,1764854589349.0,0.26196056577498994,0,658.0833129882812,116.6666660308838
73125,1764854589380.0,0.5250894147512302,0,660.3333129882812,110.66666412353516
73127,1764854589440.0,0.3168938691988272,0,681.0,144.33334350585938
73146,1764854590036.0,0.5492836567886001,0,645.3333129882812,87.0
73147,1764854590067.1428,0.23376172185047822,0,645.7618844168527,89.52380970546177
73168,1764854590724.0,0.23313954658677272,0,661.6666259765625,153.0
73171,1764854590816.0,0.508552004715227,0,659.3333740234375,151.3333282470703
73185,1764854591251.0,0.4273871476090278,0,656.3333129882812,168.3333282470703
73187,1764854591316.0,0.5133864884433389,0,659.3333740234375,166.3333282470703
73220,1764854592348.0,0.51046765548733,0,730.0,368.3333435058594
73222,1764854592408.0,0.38665747105406095,0,734.3333740234375,369.3333129882813
73226,1764854592535.0,0.21209776775901162,0,742.6666870117188,377.0
73227,1764854592564.0,0.6611529383736646,1,744.3333740234375,380.6666564941406
73250,1764854593284.0,0.5057563224547823,0,668.3333740234375,196.6666717529297
73257,1764854593504.0,0.3460421453354547,0,659.3333740234375,205.3333282470703
73277,1764854594128.0,0.5057563224547823,1,648.3333740234375,155.6666717529297
73307,1764854595064.0,0.27797398590196887,1,624.3333740234375,383.3333435058594
73352,1764854596468.0,0.23769544225507094,1,599.3333740234375,163.3333282470703
73353,1764854596500.0,0.5492836567886001,0,599.3333740234375,162.3333282470703
73396,1764854597844.0,0.6611529383736646,1,757.3333129882812,384.3333435058594
73415,1764854598436.0,0.5424157069801083,0,700.0,222.3333282470703
73416,1764854598468.0,0.20377680298137427,0,700.1666564941406,223.8333320617676
73454,1764854599656.6316,0.2001234357514435,0,707.7894736842105,260.98246604517885
73455,1764854599688.0,0.42051919780053604,0,708.0,261.3333435058594
73487,1764854600688.0,0.5424157069801083,1,662.3333129882812,208.3333282470703
73500,1764854601092.0,0.20910157252643868,0,668.0,335.3333435058594
73502,1764854601156.0,0.5396200247196636,0,668.3333740234375,332.3333435058594
73546,1764854602528.0,0.3488378275958993,0,644.6666870117188,216.00001525878903
73577,1764854603500.0,0.49074174246585595,0,632.6666870117188,160.3333282470703
73607,1764854604436.0,0.471322039428764,0,589.3333740234375,371.3333435058594
73608,1764854604468.0,0.2053649882684953,0,587.6666870117188,371.6666564941406
73612,1764854604592.0,0.680457421323551,1,580.3333129882812,380.3333435058594
73636,1764854605340.0,0.5133864884433389,0,636.0,198.6666717529297
73643,1764854605560.0,0.4056987993168296,0,642.3333129882812,210.0
73659,1764854606060.0,0.5547379275813541,0,651.3333129882812,156.6666717529297
73694,1764854607152.0,0.5057563224547823,0,619.3333740234375,316.3333435058594
73705,1764854607496.0,0.2069913855599353,0,604.3333740234375,356.3333435058594
73706,1764854607528.0,0.680457421323551,1,602.3333129882812,363.6666870117188
73729,1764854608248.0,0.21727626496295366,0,662.3333129882812,173.33334350585938
73730,1764854608276.0,0.5133864884433389,0,663.3333740234375,173.33334350585938
73739,1764854608560.0,0.25934637953273043,0,672.0,188.3333282470703
73760,1764854609216.0,0.2690667395426553,0,682.0,141.66665649414062
73761,1764854609244.0,0.5519422453209095,1,682.0,141.66665649414062
73790,1764854610152.0,0.3575950508213326,0,660.3333129882812,356.0
73792,1764854610216.0,0.2346192408354166,0,658.6666870117188,352.33331298828125
73801,1764854610496.0,0.22344304701211126,0,652.6666870117188,366.6666870117188
73802,1764854610528.0,0.6680208881821564,1,652.6666870117188,371.6666564941406
73824,1764854611213.0,0.4962297841139811,0,673.3333740234375,167.3333282470703
73825,1764854611244.2856,0.22687939992603948,0,673.3333740234375,168.3333282470703
73835,1764854611556.0,0.42051919780053604,0,673.0,184.00001525878903
73836,1764854611587.5,0.2022258349395602,0,673.0416717529297,181.5833473205566
73847,1764854611932.0,0.2263501630019713,1,669.6666870117188,153.33334350585938
73848,1764854611964.0,0.4934341018535365,0,665.3333129882812,153.0
74005,1764854616868.0,0.6549553542959046,0,95.33333587646484,713.3333129882812
74013,1764854617117.0,0.3147804141362991,0,135.33334350585938,674.6666870117188
74015,1764854617180.0,0.2849395021328145,0,149.3333282470703,685.3333129882812
74024,1764854617460.0,0.5150568824719286,0,167.33334350585938,642.3333129882812
74027,1764854617556.0,0.6611529383736646,0,190.6666717529297,662.6666870117188
74032,1764854617712.0,0.44820083475561073,0,190.0,610.0
74033,1764854617743.2,0.21918240468597433,0,195.4,612.2666625976562
74039,1764854617932.0,0.5438802540999816,0,234.3333282470703,646.3333129882812
74079,1764854619180.0,0.4609154695996212,0,411.3333435058594,479.3333129882813
74080,1764854619212.0,0.20728063904059835,0,418.0,479.6666564941406
74115,1764854620304.0,0.2070844203018922,0,625.0,166.3333282470703
74116,1764854620336.0,0.5076719732268853,0,628.0,166.3333282470703
74129,1764854620741.0,0.37717775573567347,0,650.3333129882812,198.3333282470703
74149,1764854621368.0,0.2690667395426553,0,665.3333129882812,137.0
74150,1764854621397.0,0.5519422453209095,1,665.3333129882812,137.0
74179,1764854622304.0,0.33968097093055966,0,637.3333129882812,328.33331298828125
74182,1764854622397.0,0.45899981882751817,0,635.6666259765625,323.33331298828125
74198,1764854622897.0,0.6680208881821564,1,622.6666870117188,385.3333129882813
74218,1764854623521.0,0.3722713934979106,0,647.3333129882812,200.3333282470703
74227,1764854623804.0,0.21146871500454317,0,649.3333740234375,206.3333282470703
74228,1764854623833.0,0.40086431558871766,0,650.0,208.3333282470703
74247,1764854624428.0,0.5547379275813541,0,652.6666870117188,156.3333282470703
74277,1764854625365.0,0.24766569954000986,0,652.3333129882812,357.33331298828125
74287,1764854625677.0,0.21024408925329238,0,651.3333129882812,379.3333129882813
74288,1764854625708.0,0.6652252059217117,1,652.0,386.0
74311,1764854626428.0,0.4962297841139811,0,670.3333129882812,177.0
74319,1764854626677.0,0.21657509720361948,0,670.6666259765625,185.3333282470703
74320,1764854626708.0,0.6611529383736646,0,671.3333129882812,188.0
74322,1764854626772.0,0.43855998387466066,0,661.3333129882812,132.0
74323,1764854626803.2,0.23778234366778567,0,663.1999755859375,140.46666564941407
74327,1764854626928.0,0.3488378275958993,0,670.6666259765625,174.3333282470703
74328,1764854626957.0,0.2095173903743435,0,671.3333129882812,169.33334350585938
74341,1764854627364.0,0.5424157069801083,0,672.3333129882812,137.3333282470703
74342,1764854627395.2222,0.22689377204198644,1,672.2962782118055,138.1851806640625
74381,1764854628613.0,0.6776617390631064,1,662.6666870117188,382.3333129882813
74400,1764854629208.0,0.21727626496295366,0,703.3333740234375,275.33331298828125
74401,1764854629240.0,0.5133864884433389,0,704.3333740234375,275.33331298828125
74403,1764854629301.0,0.3564679935844559,0,708.3333740234375,277.3333435058594
74406,1764854629396.0,0.23710429872289027,0,714.0,274.3333435058594
74417,1764854629737.0,0.4962297841139811,0,718.3333740234375,234.66665649414065
74432,1764854630208.0,0.24748059507580164,0,720.3333129882812,249.9999847412109
74613,1764854635861.7483,0.2001234357514435,0,716.0350877192982,273.2124856870774
74614,1764854635893.0,0.4177235155400914,0,716.0,273.3333435058594
74615,1764854635924.0,0.21537937486774228,0,714.6666870117188,271.3333435058594
74616,1764854635956.0,0.26047691972791787,0,712.3333129882812,272.0
74622,1764854636141.0,0.46179550108796286,0,716.6666259765625,264.0
74637,1764854636609.0,0.3721520381449276,0,721.3333129882812,274.6666564941406
74640,1764854636705.0,0.4962297841139811,0,723.3333740234375,267.33331298828125
74643,1764854636796.0,0.28629733153366016,0,724.0,283.33331298828125
74652,1764854637080.0,0.24030834848219387,0,728.0,257.3333435058594
74653,1764854637109.0,0.5396200247196636,0,728.0,255.3333435058593
74659,1764854637297.0,0.45686164123288264,0,723.3333740234375,297.3333435058594
74668,1764854637580.0,0.20822234841641904,0,720.0,264.3333435058594
74669,1764854637609.0,0.4962297841139811,0,718.6666870117188,262.6666564941406
74676,1764854637829.0,0.40086431558871766,0,714.3333740234375,314.3333435058594
74685,1764854638109.0,0.5165030556590515,0,711.3333129882812,278.6666564941406
74693,1764854638361.0,0.4215740777399352,0,704.3333740234375,330.0
74701,1764854638609.0,0.5396200247196636,0,702.0,295.3333435058594
74718,1764854639141.0,0.4934341018535365,0,684.3333740234375,310.3333435058594
74723,1764854639297.0,0.64251882115451,0,677.3333129882812,350.6666564941406
74725,1764854639361.0,0.5079814239540901,0,681.0,315.33331298828125
74726,1764854639392.0,0.23091439385929388,0,678.1666717529297,322.58331298828125
74729,1764854639485.0,0.3488378275958993,0,669.6666870117188,344.33331298828125
74732,1764854639577.0,0.4962297841139811,0,666.3333129882812,333.66668701171875
74739,1764854639797.0,0.40086431558871766,0,662.6666870117188,383.3333435058594
74778,1764854641016.0,0.5712467282707959,0,692.0,327.3333435058594
74788,1764854641329.0,0.6410636913322648,1,721.0,371.3333435058594
74790,1764854641389.0,0.21037038400777847,0,718.0,356.3333435058594
74811,1764854642045.0,0.5057563224547823,0,655.3333129882812,186.0
74823,1764854642421.0,0.398068633328273,0,642.3333129882812,205.66665649414065
74837,1764854642857.0,0.4962297841139811,0,635.3333129882812,156.0
74870,1764854643889.0,0.4113623411351964,0,629.3333740234375,312.33331298828125
74892,1764854644577.0,0.6652252059217117,1,637.3333129882812,402.3333129882813
74920,1764854645450.3333,0.26196056577498994,0,667.611073811849,143.77777862548828
74921,1764854645481.0,0.5617201899299948,0,666.6666259765625,138.0
74928,1764854645701.0,0.4412289599517536,0,678.3333740234375,193.3333282470703
74929,1764854645733.0,0.21745584475440682,0,678.6666870117188,192.00001525878903
74941,1764854646109.0,0.4962297841139811,1,680.3333129882812,144.33334350585938
74975,1764854647169.0,0.29629625693280426,0,645.3333129882812,358.6666564941406
74986,1764854647513.0,0.6611529383736646,1,634.0,391.3333435058594
75005,1764854648105.0,0.20470608286507097,0,642.0,185.3333282470703
75020,1764854648577.0,0.4725456857933544,0,647.3333129882812,199.3333435058593
75034,1764854649013.0,0.5424157069801083,1,650.3333129882812,149.3333282470703
75035,1764854649044.111,0.22689377204198644,0,650.2222086588541,150.81480916341147
75069,1764854650105.0,0.20710070288592672,0,654.6666870117188,242.66665649414065
75070,1764854650137.0,0.3536723113240113,0,655.3333129882812,245.3333282470703
75078,1764854650385.0,0.4526386444226232,0,657.3333129882812,224.3333282470703
75092,1764854650825.0,0.3488378275958993,0,661.3333129882812,242.3333435058593
75098,1764854651013.0,0.37990155948646726,0,663.3333740234375,228.6666717529297
75099,1764854651044.0,0.20691526740937605,0,663.708366394043,229.08333778381348
75138,1764854652261.0,0.6611529383736646,1,682.0,385.3333129882813
75160,1764854652949.0,0.26707340969198823,0,655.3333129882812,164.6666717529297
75161,1764854652981.0,0.5617201899299948,0,654.3333740234375,163.3333282470703
75165,1764854653105.0,0.6611529383736646,0,677.6666870117188,231.3333435058593
75168,1764854653197.0,0.20470608286507097,0,651.3333129882812,166.3333282470703
75174,1764854653385.0,0.2433401584134138,0,649.1666870117188,180.50000762939453
75175,1764854653417.0,0.6776617390631064,0,649.3333740234375,184.00001525878903
75178,1764854653509.0,0.2641267234333292,0,682.6666870117188,114.33333587646484
75179,1764854653540.3845,0.22143353782367917,0,679.948735163762,116.56410452035756
75191,1764854653917.0,0.3488378275958993,0,647.3333129882812,143.3333282470703
75193,1764854653981.0,0.45899981882751817,0,646.3333129882812,140.33334350585938
75222,1764854654885.0,0.3695475897471169,0,622.6666870117188,296.33331298828125
75227,1764854655041.0,0.45899981882751817,0,620.3333129882812,285.3333435058594
75247,1764854655665.0,0.6410636913322648,1,611.3333740234375,372.3333129882813
75248,1764854655697.0,0.22695839829664755,0,611.3333740234375,364.1666564941406
75249,1764854655729.0,0.21484771345238635,0,611.3333740234375,356.0
75290,1764854657009.0,0.4316920340661689,0,614.3333740234375,164.0
75291,1764854657040.158,0.20377680298137427,0,614.473722759046,164.45614061857523
75327,1764854658165.0,0.2688171292366292,0,630.3333129882812,319.3333435058594
75329,1764854658229.0,0.3262811758019082,0,630.6666259765625,315.33331298828125
75345,1764854658729.0,0.5850663656880998,1,643.3333740234375,368.3333435058594
75392,1764854660197.0,0.2690667395426553,0,630.3333129882812,154.3333282470703
75393,1764854660225.0,0.5519422453209095,1,630.3333129882812,154.3333282470703
75420,1764854661069.0,0.21638534018283528,0,630.3333129882812,391.3333435058594
75421,1764854661101.0,0.24621613787226,0,630.3333129882812,391.3333435058594
75447,1764854661913.0,0.4962297841139811,0,652.0,183.3333435058593
75457,1764854662225.0,0.4273871476090278,0,654.3333740234375,191.3333435058593
75472,1764854662693.0,0.5079814239540901,1,657.0,151.3333282470703
75473,1764854662724.2,0.22689377204198644,0,656.9333312988281,151.8333282470703
75504,1764854663693.0,0.5642094718801465,0,650.3333129882812,414.6666870117188
75532,1764854664569.0,0.369475711237466,0,609.3333740234375,171.3333282470703
75550,1764854665129.0,0.40086431558871766,0,596.6666870117188,194.0
75572,1764854665817.0,0.5038599501025377,1,592.0,145.3333282470703
75573,1764854665848.4285,0.20691526740937605,0,592.6190534319196,145.9047568184989
75601,1764854666725.0,0.37717775573567347,0,612.0,334.3333435058594
75606,1764854666881.0,0.4740148940611181,0,615.3333129882812,323.33331298828125
75617,1764854667225.0,0.37717775573567347,1,628.3333129882812,350.3333435058594
75637,1764854667849.0,0.35049095058472346,0,630.3333129882812,201.6666717529297
75651,1764854668285.0,0.3488378275958993,0,632.3333129882812,209.0
75680,1764854669190.7896,0.20444753570432028,0,626.3859638414884,174.3333282470703
75681,1764854669222.0,0.5393061436098805,1,626.0,174.3333282470703
75709,1764854670097.0,0.6611529383736646,1,595.3333129882812,380.3333435058594
75732,1764854670817.0,0.40052118643364165,0,614.3333740234375,172.6666717529297
75733,1764854670848.0,0.20691526740937605,0,614.7143205915179,173.14286150251115
75744,1764854671190.0,0.20697701344398833,0,618.3333129882812,184.3333282470703
75745,1764854671222.0,0.40086431558871766,0,619.0,187.3333282470703
75751,1764854671409.0,0.2594531752500152,0,618.6666259765625,162.3333282470703
75752,1764854671441.0,0.4934341018535365,1,618.0,162.3333282470703
75793,1764854672721.5,0.21024408925329238,0,601.0,367.3333282470703
75794,1764854672753.0,0.6680208881821564,1,601.0,376.3333129882813
75821,1764854673597.4443,0.23071817512058773,0,644.5925699869791,144.1481441921658
75822,1764854673629.0,0.5424157069801083,0,646.3333129882812,139.3333282470703
75827,1764854673785.0,0.3564679935844559,0,642.3333129882812,190.3333282470703
75841,1764854674221.0,0.3489642599079404,1,646.3333129882812,150.3333282470703
75873,1764854675221.0,0.42051919780053604,0,663.3333740234375,248.0
75996,1764854679062.0,0.508552004715227,0,688.3333740234375,178.3333282470703
76047,1764854680657.7334,0.2069913855599353,0,686.414794921875,229.31110602484807
76048,1764854680689.0,0.4273871476090278,0,686.3333129882812,230.3333282470703
76058,1764854681001.0,0.5424157069801083,0,698.6666870117188,200.3333282470703
76060,1764854681062.0,0.4153163086306968,0,698.3333740234375,209.3333282470703
76075,1764854681530.0,0.23769544225507094,0,692.3333129882812,164.6666717529297
76076,1764854681562.0,0.5492836567886001,0,692.3333129882812,163.6666717529297
76093,1764854682093.0,0.42051919780053604,0,707.3333129882812,196.6666717529297
76123,1764854683030.0,0.23664759109558986,0,675.3333129882812,164.6666717529297
76125,1764854683093.0,0.5272859069039765,0,660.3333129882812,131.3333282470703
76126,1764854683124.25,0.26215678451369606,0,663.3333129882812,139.0833282470703
76130,1764854683249.5,0.23487085861916035,0,671.8333129882812,162.3333282470703
76131,1764854683281.0,0.21383090025872112,0,671.3333129882812,162.3333282470703
76134,1764854683374.0,0.23821952807398467,0,650.6666564941406,113.5
76135,1764854683406.0,0.5617201899299948,0,641.0,96.33332824707033
76147,1764854683779.0,0.21146871500454317,0,670.3333129882812,182.78787370161567
76148,1764854683810.0,0.6224295741131102,0,670.3333129882812,184.3333282470703
76153,1764854683969.0,0.2641267234333292,0,675.0,139.3333282470703
76154,1764854683998.0,0.2732835800986689,0,675.3333129882812,139.6666717529297
76169,1764854684466.0,0.508552004715227,0,656.3333129882812,156.0
76174,1764854684625.0,0.4177235155400914,0,655.3333129882812,168.6666717529297
76182,1764854684874.0,0.4962297841139811,0,656.0,160.3333282470703
76214,1764854685874.0,0.3168938691988272,0,662.3333129882812,364.3333435058594
76216,1764854685937.0,0.368182488712431,0,662.3333129882812,361.0
76217,1764854685968.0,0.20377680298137427,0,662.09521484375,361.9047633579799
76225,1764854686217.0,0.21209776775901162,0,660.3333129882812,374.3333435058594
76226,1764854686249.0,0.6583572561132199,0,660.0,378.3333435058594
76246,1764854686873.0,0.20470608286507097,0,644.6666870117188,182.3333282470703
76258,1764854687249.0,0.5424157069801083,0,644.3333740234375,136.33334350585938
76259,1764854687278.0,0.20522190755249484,0,638.3333129882812,196.3333435058593
76260,1764854687310.0,0.40459582122340504,0,638.3333129882812,198.3333282470703
76279,1764854687905.0,0.5547379275813541,0,637.3333129882812,146.3333282470703
76308,1764854688810.0,0.3695475897471169,0,640.3333129882812,306.0
76331,1764854689529.0,0.645468893813193,0,644.0,382.3333129882813
76359,1764854690402.0,0.27308736135996275,0,654.3333740234375,139.3333282470703
76360,1764854690434.0,0.5519422453209095,0,654.3333740234375,139.3333282470703
76363,1764854690526.0,0.4725456857933544,0,651.3333129882812,202.3333435058593
76380,1764854691058.0,0.22169402671227345,0,654.3333740234375,147.3333282470703
76381,1764854691090.0,0.5242360492756987,0,653.6666870117188,146.3333282470703
76419,1764854692278.0,0.508552004715227,0,636.0,307.33331298828125
76429,1764854692590.0,0.6352402870526079,0,632.0,370.3333129882813
76449,1764854693214.0,0.4962297841139811,0,626.0,173.6666717529297
76463,1764854693650.0,0.38603504203008987,0,623.3333129882812,189.3333435058593
76464,1764854693682.0,0.5424157069801083,0,638.6666259765625,138.6666717529297
76479,1764854694150.0,0.5008190110985797,1,622.3333129882812,144.33334350585938
76510,1764854695118.0,0.2965011185077942,0,600.3333129882812,342.3333435058594
76521,1764854695462.0,0.680457421323551,1,592.0,372.0
76540,1764854696058.0,0.5010642678420931,0,635.3333129882812,178.3333282470703
76554,1764854696494.0,0.3536723113240113,0,646.6666259765625,193.0
76575,1764854697150.0,0.5362582007604377,1,646.3333129882812,153.0
76596,1764854697806.0,0.24255935687883418,0,622.3333129882812,320.33331298828125
76601,1764854697962.0,0.5057563224547823,0,616.3333740234375,313.0
76614,1764854698370.0,0.2189657175675034,0,602.3333129882812,362.3333435058594
76615,1764854698397.0,0.680457421323551,1,601.3333740234375,370.3333129882813
76637,1764854699086.0,0.5161821707037835,0,660.3333129882812,180.0
76648,1764854699430.0,0.4089074207881115,0,668.6666870117188,200.3333282470703
76664,1764854699930.0,0.5051857416936454,0,675.3333129882812,144.33334350585938
76665,1764854699961.3845,0.20377680298137427,0,675.1538273737981,144.948728121244
76696,1764854700930.0,0.27797398590196887,0,652.6666870117188,310.3333435058594
76699,1764854701021.0,0.21591279798093482,0,652.0,302.6666564941406
76718,1764854701617.0,0.6680208881821564,1,642.6666870117188,376.0
76773,1764854703334.0,0.26707340969198823,0,668.3333740234375,82.33333587646484
76774,1764854703366.0,0.5589245076695502,0,669.6666870117188,77.0
76781,1764854703586.0,0.5271715943638275,0,687.3333129882812,142.6666717529297
76782,1764854703617.0,0.23376172185047822,0,688.2499847412109,143.0000038146973
76823,1764854704898.0,0.49444375244761274,1,764.0,416.0000305175781
76824,1764854704930.0,0.20035718189529922,0,766.3333129882812,408.3333129882813
76849,1764854705710.0,0.5057563224547823,0,692.0,200.3333282470703
76855,1764854705898.0,0.36675190748667225,0,682.0,206.6666717529297
76856,1764854705930.0,0.2016529305181606,0,680.3333129882812,206.3333282470703
76879,1764854706646.0,0.5133864884433389,0,676.3333129882812,161.0
76905,1764854707458.0,0.338800939442218,0,734.6666870117188,326.3333435058594
76908,1764854707554.0,0.2070844203018922,0,742.3333129882812,324.0
76909,1764854707582.0,0.5076719732268853,0,745.0,324.0
76923,1764854708022.0,0.2849395021328145,1,785.6666259765625,384.0000305175781
76945,1764854708710.0,0.20516876952978919,0,708.3333740234375,170.0
76946,1764854708738.0,0.5057563224547823,0,706.3333129882812,170.0
76956,1764854709050.0,0.398068633328273,0,693.3333740234375,188.6666717529297
76976,1764854709678.0,0.5057563224547823,0,674.3333740234375,129.0
76980,1764854709802.0,0.4273871476090278,1,669.6666870117188,133.3333282470703
76988,1764854710050.889,0.23071817512058773,0,682.4074096679688,116.44444613986543
76989,1764854710082.0,0.5424157069801083,0,684.0,114.33333587646484
77006,1764854710614.0,0.4187783954794906,0,619.0,370.3333129882813
77016,1764854710926.0,0.20516876952978919,0,600.3333129882812,342.3333435058594
77017,1764854710958.0,0.5057563224547823,0,598.6666259765625,342.3333435058594
77019,1764854711018.0,0.23263177464175955,0,594.3333740234375,344.33331298828125
77020,1764854711050.0,0.680457421323551,1,593.0,347.0
77041,1764854711706.0,0.21214003011492144,0,644.3333740234375,150.3333282470703
77042,1764854711738.0,0.5133864884433389,0,645.3333129882812,150.3333282470703
77045,1764854711830.0,0.26179710494070496,0,648.3333740234375,151.3333282470703
77046,1764854711862.0,0.4398236807504225,0,648.3333740234375,153.0
77047,1764854711894.0,0.2641267234333292,0,673.3333740234375,148.33334350585938
77048,1764854711925.2,0.22143353782367917,0,671.8667053222656,148.53334197998046
77070,1764854712614.0,0.23170816001650107,0,658.3333740234375,142.3333282470703
77072,1764854712674.0,0.5464879745281555,0,659.0,64.33333587646484
77073,1764854712706.0,0.21542759078723833,0,659.8333129882812,100.66666793823242
77101,1764854713582.0,0.3479577961075577,0,714.0,292.0
77105,1764854713706.0,0.2078589194090197,0,722.3333129882812,284.6666564941406
77128,1764854714426.0,0.2603729256468068,0,778.0,402.3333129882813
77129,1764854714454.0,0.21830822970332897,1,780.3333129882812,402.3333129882813
77154,1764854715238.0,0.5057563224547823,0,706.3333129882812,174.3333282470703
77165,1764854715582.0,0.398068633328273,0,688.3333740234375,190.6666717529297
77174,1764854715862.0,0.5241332216476081,1,681.3333129882812,156.3333282470703
77217,1764854717206.0,0.2033761394448006,0,758.0,394.3333435058594
77218,1764854717238.0,0.6611529383736646,1,760.0,402.3333129882813
77253,1764854718330.0,0.398068633328273,0,634.3333740234375,196.6666717529297
77261,1764854718578.0,0.5424157069801083,0,668.3333740234375,100.33332824707033
77270,1764854718862.0,0.5133864884433389,0,631.3333740234375,148.33334350585938
77278,1764854719110.0,0.223540046581626,0,641.3333129882812,164.3333282470703
77279,1764854719142.0,0.65215967203546,0,641.6666259765625,168.3333282470703
77280,1764854719174.0,0.2280202934140993,0,665.0,145.3333282470703
77281,1764854719204.0,0.23091439385929388,0,665.6666564941406,146.16666412353516
77294,1764854719610.0,0.37438207347522884,0,661.3333129882812,281.3333435058594
77300,1764854719798.0,0.46662998481607476,0,668.3333740234375,269.66668701171875
77323,1764854720514.0,0.20184982927847095,0,702.3333129882812,383.3333435058594
77326,1764854720610.0,0.21279893551834578,0,706.3333129882812,382.3333129882813
77327,1764854720642.0,0.5011675907148572,0,708.3333740234375,382.3333129882813
77333,1764854720830.0,0.6382680090718202,1,717.3333129882812,398.3333129882813
77334,1764854720858.0,0.22232885152063642,0,718.3333740234375,392.0
77353,1764854721454.0,0.3368567644747759,0,686.3333129882812,200.66665649414065
77363,1764854721766.0,0.40483515324006436,0,677.6666870117188,206.6666717529297
77390,1764854722610.0,0.5057563224547823,1,664.3333740234375,150.3333282470703
77415,1764854723390.0,0.2688171292366292,0,638.3333129882812,371.3333435058594
77418,1764854723482.0,0.3368567644747759,0,636.6666870117188,364.3333435058594
77425,1764854723702.0,0.21209776775901162,0,632.0,371.6666564941406
77426,1764854723734.0,0.6680208881821564,1,630.6666259765625,375.3333435058594
77444,1764854724294.0,0.2084746198975181,0,648.3333740234375,197.3333435058593
77449,1764854724451.0,0.5079814239540901,0,660.3333129882812,145.66665649414062
77450,1764854724482.5,0.23091439385929388,0,659.1999816894531,150.1333236694336
77459,1764854724766.0,0.40086431558871766,0,649.0,190.3333282470703
77470,1764854725107.0,0.3851597557979377,1,648.3333740234375,156.3333282470703
77506,1764854726234.0,0.22344304701211126,0,622.3333129882812,382.3333129882813
77507,1764854726263.0,0.6680208881821564,1,622.3333129882812,385.0
77543,1764854727390.0,0.25685059368742746,0,646.6666259765625,168.3333282470703
77547,1764854727514.8,0.21603548772611628,0,667.7333251953125,108.5999969482422
77548,1764854727546.0,0.5424157069801083,0,673.0,93.66666412353516
77551,1764854727638.0,0.5125599308944584,0,645.3333129882812,151.3333282470703
77553,1764854727702.0,0.33356310122220445,0,693.6666870117188,137.0
77554,1764854727733.0,0.23091439385929388,0,686.3750152587891,139.6666660308838
77581,1764854728575.0,0.3460421453354547,0,609.0,328.0
77587,1764854728762.0,0.4934341018535365,0,602.6666870117188,316.0
77597,1764854729075.0,0.4273871476090278,1,590.6666259765625,343.3333435058594
77598,1764854729106.6667,0.20557054106997838,0,592.4444173177084,339.00001017252606
77600,1764854729170.0,0.22856689048626488,0,596.0,330.3333435058594
77620,1764854729794.0,0.5010642678420931,0,645.6666259765625,179.3333282470703
77631,1764854730138.0,0.37438207347522884,0,656.3333129882812,186.3333435058593
77645,1764854730574.0,0.2596493939887214,1,662.0,156.3333282470703
77673,1764854731450.0,0.20516876952978919,0,597.3333129882812,299.33331298828125
77674,1764854731482.0,0.5057563224547823,0,594.3333740234375,299.33331298828125
77691,1764854732011.0,0.6603681742821512,1,552.3333129882812,390.3333435058594
77692,1764854732042.5,0.2537234595064419,0,555.4999694824219,382.0
77693,1764854732074.0,0.22561267373116506,0,558.6666259765625,373.6666564941406
77719,1764854732886.0,0.21279893551834578,0,655.4444376627604,198.3333282470703
77720,1764854732918.0,0.49837190845441254,0,657.0,198.3333282470703
77725,1764854733074.0,0.20672557523790888,0,664.3333740234375,204.6666717529297
77726,1764854733106.0,0.4056987993168296,0,665.3333129882812,208.00001525878903
77748,1764854733791.0,0.4934341018535365,0,670.6666259765625,162.66665649414062
77781,1764854734823.0,0.26421594684382366,0,654.6666870117188,412.0
77808,1764854735666.0,0.34448693046333256,0,722.3333129882812,141.3333282470703
77830,1764854736354.0,0.4725456857933544,0,732.3333129882812,186.66665649414065
77841,1764854736698.0,0.5051857416936454,1,733.3333740234375,148.33334350585938
77842,1764854736729.2,0.20377680298137427,0,733.2667053222656,149.3666763305664
77940,1764854739790.0,0.2596493939887214,0,662.3333129882812,352.33331298828125
77941,1764854739821.3333,0.20377680298137427,0,661.6666564941406,352.6666514078776
77953,1764854740195.0,0.6680208881821564,1,654.3333740234375,385.3333129882813
77974,1764854740851.0,0.48950169713317365,0,655.3333129882812,180.6666717529297
77975,1764854740882.2,0.20377680298137427,0,655.1333190917969,181.3333374023437
77987,1764854741259.0,0.2859565696203004,0,652.3333129882812,194.3333435058593
77988,1764854741290.5,0.20440454645734524,0,652.3333129882812,193.83333587646484
78009,1764854741946.0,0.3368567644747759,1,646.6666259765625,133.66665649414062
78040,1764854742914.0,0.27797398590196887,0,606.3333740234375,345.6666564941406
78048,1764854743162.0,0.20516876952978919,0,595.3333129882812,330.3333435058594
78049,1764854743195.0,0.4935374247263006,0,593.0,330.3333435058594
78056,1764854743414.0,0.680457421323551,1,582.6666870117188,351.3333435058594
78075,1764854744007.0,0.21214003011492144,0,636.3333740234375,201.0
78076,1764854744039.0,0.5133864884433389,0,637.3333129882812,201.0
78084,1764854744287.0,0.20761252791637877,0,644.6666870117188,210.66665649414065
78085,1764854744319.0,0.40086431558871766,0,646.3333129882812,211.3333282470703
78114,1764854745226.0,0.5161821707037835,1,662.3333129882812,146.3333282470703
78141,1764854746070.0,0.3445154546586716,0,700.0,347.3333435058594
78146,1764854746226.0,0.21279893551834578,0,708.3333740234375,340.6666564941406
78147,1764854746255.0,0.5133864884433389,0,710.3333129882812,340.6666564941406
78156,1764854746538.0,0.6611529383736646,1,729.0,376.0
78175,1764854747131.0,0.369475711237466,0,677.3333129882812,199.3333435058593
78186,1764854747475.0,0.3460421453354547,0,666.0,212.6666717529297
78202,1764854747975.0,0.4007547344876421,1,660.3333129882812,157.33334350585938
78203,1764854748006.1428,0.20377680298137427,0,660.595219203404,157.61905779157365
78240,1764854749162.0,0.5010642678420931,0,684.3333740234375,329.6666564941406
78252,1764854749534.0,0.2033761394448006,0,698.3333740234375,372.0
78253,1764854749567.0,0.6611529383736646,1,699.3333740234375,380.0
78273,1764854750191.0,0.46179550108796286,0,668.3333740234375,177.33334350585938
78286,1764854750599.0,0.2046007651960514,0,662.3333129882812,190.8333282470703
78287,1764854750631.0,0.46975000353290974,0,662.3333129882812,193.3333282470703
78302,1764854751098.0,0.5167483124025648,1,661.6666259765625,142.3333282470703
78358,1764854752847.0,0.36311453683257094,0,646.3333129882812,190.3333282470703
78369,1764854753191.0,0.20357273869396014,0,644.0,193.3333282470703
78370,1764854753223.0,0.43094898991182584,0,644.0,196.3333435058593
78382,1764854753598.0,0.5119138286744529,0,643.0,155.3333282470703
78383,1764854753627.0,0.23823905129508607,0,643.0,156.3333282470703
78507,1764854757503.0,0.6611529383736646,1,703.3333740234375,415.3333129882813
78533,1764854758315.0,0.471322039428764,0,570.3333129882812,143.3333282470703
78570,1764854759471.0,0.45899981882751817,0,511.0,135.6666717529297
78583,1764854759875.0,0.23285060977563524,0,507.3333435058594,145.0
78584,1764854759907.0,0.5593728427398318,0,509.6666870117188,143.6666717529297
78614,1764854760843.0,0.3686675582587753,0,618.3333129882812,284.0
78621,1764854761063.0,0.2070844203018922,0,640.6666259765625,274.3333435058594
78622,1764854761095.0,0.492657393237959,0,644.0,274.3333435058594
78639,1764854761627.0,0.3479577961075577,0,710.6666259765625,351.3333435058594
78644,1764854761783.0,0.23710429872289027,1,728.3333740234375,346.3333435058594
78670,1764854762595.0,0.49074174246585595,0,670.3333129882812,196.0
78675,1764854762751.0,0.3460421453354547,0,663.3333740234375,204.3333435058593
78693,1764854763311.0,0.2041279051357398,0,654.3333740234375,158.6666717529297
78694,1764854763343.0,0.22848298007881745,1,656.3333129882812,158.6666717529297
78695,1764854763375.0,0.5133864884433389,0,658.3333740234375,158.3333282470703
78697,1764854763439.0,0.3781472735771627,0,662.3333129882812,159.3333282470703
78725,1764854764311.0,0.5076719732268853,0,748.3333740234375,338.66668701171875
78735,1764854764623.0,0.6611529383736646,1,784.0,368.3333435058594
78736,1764854764655.0,0.21037038400777847,0,777.3333129882812,356.0
78753,1764854765187.0,0.20022875342046312,0,661.3333129882812,187.3333282470703
78767,1764854765623.0,0.27797398590196887,0,620.6666259765625,200.00001525878903
78782,1764854766091.0,0.5617201899299948,0,610.3333129882812,156.0
78787,1764854766247.0,0.23136582640584571,0,620.3333129882812,166.66665649414062
78788,1764854766279.0,0.509143733524196,0,622.3333129882812,170.3333282470703
78790,1764854766343.0,0.5424157069801083,0,655.3333129882812,148.33334350585938
78804,1764854766779.0,0.35951070159343557,0,660.0,296.33331298828125
78808,1764854766903.0,0.5076719732268853,0,668.6666870117188,292.3333435058594
78827,1764854767499.0,0.6611529383736646,1,724.0,404.3333435058594
78852,1764854768279.0,0.5057563224547823,0,664.3333740234375,197.3333435058593
78862,1764854768591.0,0.398068633328273,0,653.6666870117188,214.3333282470703
78876,1764854769027.0,0.45899981882751817,0,646.3333129882812,164.3333282470703
78887,1764854769371.0,0.3792069247251122,0,644.0,169.0
78912,1764854770155.0,0.40203947097961973,0,661.3333129882812,250.3333282470703
79035,1764854773995.0,0.508552004715227,0,694.3333740234375,178.3333282470703
79074,1764854775215.0,0.42051919780053604,0,718.3333740234375,234.66665649414065
79079,1764854775371.0,0.5396200247196636,0,716.3333129882812,223.3333435058593
79084,1764854775527.0,0.3488378275958993,0,713.3333740234375,225.9999847412109
79120,1764854776651.8,0.2281052688934648,0,660.4666463216146,134.97777303059894
79121,1764854776683.0,0.5492836567886001,0,660.3333129882812,131.3333282470703
79133,1764854777055.923,0.2190627171370181,0,677.871830866887,190.4102513239934
79134,1764854777087.0,0.509143733524196,0,679.3333740234375,195.3333282470703
79135,1764854777119.0,0.23082749244657916,0,702.3333129882812,177.33334350585938
79136,1764854777151.0,0.5396200247196636,0,702.3333129882812,177.0
79168,1764854778151.0,0.3695475897471169,0,668.6666870117188,352.33331298828125
79171,1764854778243.0,0.20470608286507097,0,666.3333129882812,345.0
79188,1764854778775.0,0.6611529383736646,1,649.3333740234375,409.0
79209,1764854779431.0,0.2405726985865652,0,652.0,206.3333282470703
79213,1764854779555.0,0.5424157069801083,0,653.6666870117188,151.3333282470703
79214,1764854779586.3333,0.23091439385929388,0,653.5000203450521,162.1111094156901
79219,1764854779743.0,0.4725456857933544,0,652.6666870117188,216.00001525878903
79245,1764854780555.0,0.5079814239540901,0,654.3333740234375,155.3333282470703
79246,1764854780586.2222,0.23137110148659432,0,654.3333740234375,155.77777269151477
79291,1764854781991.0,0.6611529383736646,1,661.3333129882812,387.3333435058594
79308,1764854782523.0,0.4498429621621785,0,636.6666870117188,219.3333282470703
79322,1764854782960.0,0.3488378275958993,0,622.3333129882812,256.3333435058594
79328,1764854783148.0,0.20022875342046312,0,618.0,242.3333435058593
79343,1764854783616.0,0.40203947097961973,0,608.0,266.6666564941406
79347,1764854783743.0,0.3603188545721263,0,604.6666870117188,259.33331298828125
79359,1764854784115.0,0.2055452480815527,0,597.3333129882812,271.3333435058594
79366,1764854784335.0,0.508552004715227,0,590.6666259765625,268.3333435058594
79381,1764854784804.0,0.20444753570432028,0,580.6666641235352,280.33331298828125
79382,1764854784835.0,0.4935374247263006,0,580.0,280.33331298828125
79416,1764854785899.0,0.25171621354417384,0,576.3333740234375,344.0
79420,1764854786023.0,0.20516876952978919,0,566.3333740234375,339.3333435058594
79421,1764854786055.0,0.5057563224547823,0,563.3333129882812,339.3333435058594
79429,1764854786303.0,0.680457421323551,1,541.3333740234375,363.3333129882813
79452,1764854787023.0,0.5133864884433389,0,626.3333740234375,181.66665649414065
79454,1764854787084.0,0.3838617887936163,0,630.3333129882812,182.3333282470703
79460,1764854787271.0,0.3564679935844559,0,638.6666259765625,190.6666717529297
79472,1764854787647.0,0.4960288850283057,0,646.3333129882812,149.66665649414062
79473,1764854787678.111,0.20377680298137427,0,645.74072265625,149.92591688368054
79540,1764854789771.0,0.3488378275958993,0,638.3333129882812,207.3333435058593
79551,1764854790115.0,0.21755004673384584,0,640.0,165.6666717529297
79552,1764854790146.1538,0.21741291600637172,0,639.5641056941106,165.74359365609976
79595,1764854791487.0,0.6652252059217117,1,623.3333129882812,380.6666564941406
79642,1764854792956.0,0.49074174246585595,1,630.3333129882812,169.33334350585938
79669,1764854793800.0,0.6680208881821564,1,555.3333129882812,397.6666564941406
79689,1764854794424.0,0.20918939134709663,0,598.6666259765625,227.3333282470703
79690,1764854794456.0,0.5424157069801083,0,599.3333740234375,227.3333282470703
79822,1764854798580.0,0.43843327769130896,0,680.3333129882812,150.3333282470703
79833,1764854798924.0,0.5271715943638275,0,678.3333740234375,146.0
79834,1764854798955.0,0.23376172185047822,0,678.708366394043,146.2083339691162
79851,1764854799487.0,0.6611529383736646,0,686.3333129882812,151.3333282470703
79854,1764854799580.0,0.2641267234333292,0,684.0,114.0
79855,1764854799611.261,0.23091439385929388,0,684.1014483907949,115.79710122813349
79876,1764854800267.739,0.2001234357514435,0,686.2318645974864,153.5362270189368
79877,1764854800299.0,0.4725456857933544,0,686.3333129882812,155.3333282470703
79882,1764854800455.0,0.3460421453354547,0,558.6666259765625,280.33331298828125
79884,1764854800516.0,0.20470608286507097,0,555.3333129882812,272.3333435058594
79893,1764854800799.0,0.4412289599517536,0,553.0,305.3333435058594
79894,1764854800828.0,0.20268095702025185,0,552.3333129882812,301.3333435058594
79901,1764854801048.0,0.23583101903758602,0,548.3333129882812,272.3333435058594
79902,1764854801079.0,0.5492836567886001,0,548.0,270.33331298828125
79910,1764854801328.0,0.3488378275958993,0,558.6666259765625,332.0
79915,1764854801484.0,0.24717629829068566,0,560.3333129882812,312.33331298828125
79916,1764854801516.0,0.5617201899299948,0,560.3333129882812,310.3333435058594
79923,1764854801735.0,0.40849448157727425,0,585.0,349.66668701171875
79951,1764854802611.0,0.2070844203018922,0,636.6666870117188,314.66668701171875
79952,1764854802640.0,0.5076719732268853,0,638.6666259765625,314.66668701171875
79962,1764854802952.0,0.5487147378280935,0,663.3333740234375,346.3333435058594
79984,1764854803640.0,0.46942566707651945,0,689.0,178.3333282470703
79997,1764854804047.0,0.21658155892154143,0,694.3333740234375,196.0
79998,1764854804079.0,0.42459146534858316,0,694.6666870117188,198.6666717529297
80021,1764854804796.0,0.20964609897439704,0,694.3333740234375,144.33334350585938
80022,1764854804828.0,0.49074174246585595,0,693.3333740234375,144.33334350585938
80027,1764854804984.0,0.4177235155400914,0,686.3333129882812,150.3333282470703
79934,1764854802080.0,0.4113623411351964,0,656.3333129882812,114.66666412353516
79945,1764854802420.0908,0.25023536880967046,0,632.636396928267,112.66666412353516
79946,1764854802451.0,0.5845232778808238,0,631.3333740234375,112.66666412353516
80052,1764854805764.0,0.3575950508213326,0,641.3333129882812,385.3333129882813
80057,1764854805920.0,0.5057563224547823,0,632.3333129882812,378.6666870117188
80061,1764854806047.0,0.6680208881821564,1,625.0,384.3333435058594
80083,1764854806732.0,0.26421594684382366,0,647.3333129882812,188.6666717529297
80084,1764854806764.0,0.21755004673384584,0,675.3333129882812,146.3333282470703
80085,1764854806796.0,0.4946503917469432,0,676.0,151.3333282470703
80086,1764854806828.0,0.43107747371058147,0,673.0,146.6666717529297
80093,1764854807043.0,0.4725456857933544,0,648.6666870117188,202.0
80111,1764854807608.0,0.5588101951294013,0,655.0,149.3333282470703
80113,1764854807671.0,0.3781472735771627,1,658.3333740234375,150.3333282470703
80142,1764854808575.0,0.29876475171780414,0,768.3333740234375,362.3333435058594
80153,1764854808920.0,0.6611529383736646,1,828.0,408.6666870117188
80175,1764854809608.0,0.20516876952978919,0,663.3333740234375,204.3333435058593
80176,1764854809640.0,0.5057563224547823,0,660.3333129882812,204.0
80178,1764854809700.0,0.3823434181739759,0,654.3333740234375,204.6666717529297
80181,1764854809796.0,0.40086431558871766,0,645.3333129882812,208.3333282470703
80197,1764854810295.0,0.524375912103383,0,628.3333129882812,156.3333282470703
80204,1764854810512.0,0.2190627171370181,0,638.3333129882812,163.3333282470703
80205,1764854810544.0,0.509143733524196,0,640.3333129882812,166.3333282470703
80206,1764854810576.0,0.5424157069801083,0,683.3333740234375,114.33333587646484
80207,1764854810608.0,0.24050456722090002,0,672.0,148.33334350585938
80235,1764854811480.0,0.2212864953886599,0,714.0,406.6666564941406
80236,1764854811512.0,0.6611529383736646,1,717.3333129882812,412.3333435058594
80258,1764854812200.0,0.4962297841139811,0,656.3333129882812,185.0
80266,1764854812448.0,0.5617201899299948,0,644.3333740234375,137.3333282470703
80267,1764854812480.0,0.203376519955254,0,651.3333129882812,194.3333435058593
80282,1764854812948.0,0.45899981882751817,0,647.0,147.3333282470703
80315,1764854813979.0,0.6224295741131102,0,615.6666259765625,428.3333435058594
80316,1764854814010.5,0.20384695163288497,0,616.0555216471354,420.3333435058594
80321,1764854814168.0,0.231099296471544,0,618.0,380.3333435058594
80347,1764854814980.0,0.23071817512058773,0,677.4444376627604,129.33333333333334
80348,1764854815012.0,0.5424157069801083,0,683.0,124.33333587646484
80354,1764854815200.0,0.5617201899299948,0,670.3333129882812,135.3333282470703
80355,1764854815231.0,0.21208985736098662,0,680.3333129882812,195.3333282470703
80356,1764854815260.0,0.41502166947240626,0,680.3333129882812,196.3333435058593
80373,1764854815792.0,0.5161821707037835,0,688.3333740234375,142.3333282470703
80400,1764854816636.0,0.20690448414722057,0,702.3333129882812,286.3333435058594
80401,1764854816668.0,0.22233227073544895,0,703.3333740234375,286.3333435058594
80408,1764854816885.0,0.21207770169287687,0,710.8333282470703,278.6666564941406
80409,1764854816916.0,0.49837190845441254,0,712.0,278.6666564941406
80433,1764854817668.0,0.6611529383736646,1,736.0,436.3333435058594
80451,1764854818228.0,0.20595686280061765,0,704.3333740234375,176.3333282470703
80454,1764854818324.0,0.28343120638321573,0,653.3333740234375,128.6666717529297
80455,1764854818355.1667,0.2526759284780814,0,656.1666971842448,130.05555979410806
80469,1764854818792.0,0.20074457810788696,0,684.0,181.3333435058593
80470,1764854818824.0,0.40086431558871766,0,682.3333129882812,184.3333282470703
80477,1764854819040.0,0.29611018009661927,0,706.3333129882812,123.66667175292967
80479,1764854819104.0,0.4338154606926435,0,680.0,140.33334350585938
80480,1764854819136.0,0.26773945434115437,0,684.0,114.0
80481,1764854819167.0,0.36216526854208686,0,681.0,124.99999237060548
80519,1764854820352.0,0.49837190845441254,0,695.3333129882812,73.0
80540,1764854821008.0,0.573873103949083,0,698.3333740234375,389.3333129882813
80556,1764854821508.0,0.5038599501025377,0,708.0,309.3333435058594
80570,1764854821948.0,0.6583572561132199,1,714.3333740234375,384.0000305175781
80588,1764854822508.0,0.5424157069801083,0,696.3333129882812,169.33334350585938
80589,1764854822539.3845,0.20377680298137427,0,696.6153658353365,170.5641115628756
80602,1764854822944.0,0.4056987993168296,0,700.3333129882812,187.6666717529297
80612,1764854823260.0,0.23583101903758602,0,703.3333740234375,144.6666717529297
80613,1764854823288.0,0.5091181464140082,1,701.6666259765625,144.33334350585938
80639,1764854824100.0,0.3460421453354547,0,665.3333129882812,249.9999847412109
80647,1764854824352.0,0.5008190110985797,0,662.3333129882812,230.3333282470703
80655,1764854824600.0,0.3460421453354547,0,659.3333740234375,235.3333282470703
80662,1764854824820.0,0.46179550108796286,0,656.3333129882812,223.3333435058593
80669,1764854825040.0,0.3460421453354547,0,654.6666870117188,226.3333435058593
80696,1764854825884.0,0.2435508426175052,0,726.3333129882812,439.3333435058594
80730,1764854826944.0,0.508552004715227,0,675.3333129882812,169.33334350585938
80736,1764854827132.0,0.4255449153912819,0,672.3333129882812,187.3333282470703
80750,1764854827568.0,0.21366672079170448,0,669.6666870117188,142.3333282470703
80751,1764854827600.0,0.5057563224547823,1,669.6666870117188,142.3333282470703
80779,1764854828476.0,0.3603907330817772,0,657.0,308.3333435058594
80804,1764854829256.0,0.6680208881821564,1,654.6666870117188,428.6666564941406
80828,1764854830004.0,0.46179550108796286,0,666.3333129882812,180.3333282470703
80843,1764854830472.0,0.680457421323551,0,668.3333740234375,199.3333435058593
80845,1764854830536.0,0.5079814239540901,0,673.6666870117188,123.0
80846,1764854830568.0,0.23091439385929388,0,672.2222493489584,140.44444274902344
80848,1764854830632.0,0.24000749639526453,0,669.3333740234375,175.3333282470703
80849,1764854830660.0,0.20440454645734524,0,670.3333129882812,172.6666717529297
80857,1764854830912.0,0.5148493737625819,0,661.6666259765625,137.3333282470703
80858,1764854830943.3333,0.23778234366778567,0,663.0555216471354,139.5833282470703
80907,1764854832472.0,0.24895233709554504,0,778.0,352.0
80911,1764854832600.0,0.2070844203018922,0,787.3333129882812,348.3333435058594
80912,1764854832628.0,0.492657393237959,0,790.3333129882812,348.3333435058594
80927,1764854833097.0,0.21209776775901162,0,828.3333740234375,432.3333435058594
80928,1764854833128.0,0.6611529383736646,1,830.3333129882812,443.3333129882813
80955,1764854833972.0,0.5057563224547823,0,662.3333129882812,183.3333435058593
80960,1764854834128.0,0.398068633328273,0,650.0,192.00001525878903
80972,1764854834504.0,0.20022875342046312,0,636.3333740234375,148.33334350585938
81003,1764854835472.0,0.3488378275958993,0,618.3333129882812,314.0
81007,1764854835597.0,0.4962297841139811,0,616.3333740234375,306.3333435058594
81035,1764854836472.0,0.6680208881821564,1,606.6666870117188,466.3333129882813
81060,1764854837252.0,0.5335996122281284,0,624.3333740234375,170.3333282470703
81061,1764854837283.2222,0.2114069689699309,0,624.7778116861979,170.99999491373697
81072,1764854837628.0,0.2069913855599353,0,628.4999694824219,183.0
81073,1764854837660.0,0.42459146534858316,0,628.6666259765625,185.6666717529297
81080,1764854837876.0,0.23754494802065107,0,630.3333129882812,156.3333282470703
81083,1764854837972.0,0.23082749244657916,0,659.6666870117188,123.66667175292967
81084,1764854838004.0,0.5396200247196636,0,659.3333740234375,123.33333587646484
81114,1764854838940.0,0.3277988743203821,0,662.3333129882812,336.33331298828125
81133,1764854839532.0,0.21209776775901162,0,688.0,429.3333435058594
81134,1764854839564.0,0.6611529383736646,1,690.0,441.3333435058594
81154,1764854840188.0,0.2435508426175052,0,656.6666259765625,196.9999847412109
81162,1764854840438.1667,0.23356550311177207,0,650.7777404785156,137.8333257039388
81163,1764854840469.0,0.5616058773898459,0,650.6666259765625,137.66665649414062
81164,1764854840500.0,0.240572813815019,0,652.3333129882812,190.3333282470703
81175,1764854840845.0,0.21366672079170448,0,651.0,153.0
81176,1764854840876.0,0.5616058773898459,0,650.3333129882812,153.0
81219,1764854842220.0,0.6611529383736646,1,692.6666870117188,443.3333129882813
81240,1764854842876.0,0.2562567431470369,0,677.6666870117188,195.6666717529297
81243,1764854842969.0,0.5079814239540901,0,684.0,123.33333587646484
81244,1764854843000.2856,0.23091439385929388,0,682.3333304268973,132.66666957310267
81250,1764854843188.0,0.4725456857933544,0,672.3333129882812,188.6666717529297
81251,1764854843220.0,0.20440454645734524,0,672.3333129882812,183.5
81261,1764854843532.0,0.5148493737625819,0,669.6666870117188,151.3333282470703
81262,1764854843564.0,0.23823905129508607,0,670.3333129882812,152.33334350585938
81326,1764854845561.0,0.5057563224547823,0,628.6666259765625,193.0
81331,1764854845717.0,0.40483515324006436,0,624.3333740234375,201.0
81346,1764854846186.0,0.22668318118733333,0,622.3333129882812,152.3333282470703
81347,1764854846217.0,0.5547379275813541,1,622.3333129882812,151.3333282470703
81387,1764854847468.0,0.5894715681690279,1,662.3333129882812,438.3333435058594
81413,1764854848280.0,0.5617201899299948,0,637.6666870117188,136.33334350585938
81414,1764854848311.3333,0.2581361626963886,0,639.888905843099,143.83334350585938
81419,1764854848468.0,0.4412289599517536,0,651.0,181.3333435058593
81428,1764854848748.0,0.20003253468175697,0,646.3333129882812,153.66665649414062
81429,1764854848780.0,0.5057563224547823,0,644.3333740234375,153.66665649414062
81431,1764854848841.0,0.3823434181739759,0,641.3333129882812,154.3333282470703
81467,1764854849968.0,0.680457421323551,1,542.3333129882812,423.3333435058594
81492,1764854850748.0,0.21279893551834578,0,633.3333129882812,155.3333282470703
81493,1764854850780.0,0.5161821707037835,0,635.3333129882812,155.3333282470703
81505,1764854851153.0,0.4056987993168296,0,646.3333129882812,174.3333282470703
81520,1764854851621.0,0.20194818545385998,0,684.3333740234375,134.3333282470703
81521,1764854851653.0,0.5076719732268853,0,688.3333740234375,134.3333282470703
81551,1764854852592.0,0.35951070159343557,0,890.3333129882812,428.6666564941406
81558,1764854852809.0,0.5076719732268853,0,951.3333129882812,416.0000305175781
81560,1764854852872.0,0.21209776775901162,0,972.0,418.3333129882813
81561,1764854852904.0,0.6611529383736646,1,982.0,420.6666870117188
81583,1764854853589.0,0.5057563224547823,0,737.3333129882812,182.0
81584,1764854853621.0,0.20464375444302643,0,732.6666870117188,182.3333282470703
81593,1764854853904.0,0.2016529305181606,0,702.3333129882812,196.6666717529297
81607,1764854854340.0,0.5272859069039765,0,633.3333129882812,112.33333587646484
81608,1764854854370.5,0.26215678451369606,0,657.8333129882812,126.33333969116212
81613,1764854854528.0,0.5133864884433389,1,688.0,138.0
81648,1764854855621.0,0.5133864884433389,0,750.3333129882812,363.3333129882813
81690,1764854856933.0,0.44505536428139086,0,648.3333740234375,190.6666717529297
81691,1764854856964.0,0.4064469057135654,0,646.3333129882812,191.3333435058593
81692,1764854856996.0,0.5057563224547823,0,644.0,190.6666717529297
81693,1764854857025.0,0.20464375444302643,0,642.3333129882812,191.3333435058593
81696,1764854857121.0,0.3460421453354547,0,636.6666870117188,196.3333435058593
81707,1764854857464.0,0.4316920340661689,0,659.6666870117188,143.0
81708,1764854857494.5,0.23091439385929388,0,642.0000305175781,144.66666412353516
81710,1764854857557.0,0.2588374307378578,0,624.3333740234375,146.3333282470703
81782,1764854859808.0,0.5267316624196365,0,670.3333129882812,163.3333282470703
81797,1764854860276.0,0.4725456857933544,0,670.3333129882812,189.3333435058593
81809,1764854860649.0,0.5051857416936454,0,670.3333129882812,143.3333282470703
81810,1764854860680.2,0.20377680298137427,0,669.9333251953125,144.3333312988281
81856,1764854862117.0,0.22344304701211126,0,630.3333129882812,456.3333129882813
81857,1764854862149.0,0.680457421323551,1,630.0,472.0
81886,1764854863056.0,0.5133864884433389,0,675.3333129882812,185.3333282470703
81892,1764854863244.0,0.40086431558871766,0,678.3333740234375,198.3333282470703
81905,1764854863649.0,0.5424157069801083,1,684.3333740234375,149.3333282470703
81906,1764854863680.1,0.22689377204198644,0,683.7667053222656,150.53332977294923
81949,1764854865024.0,0.2189657175675034,0,621.6666870117188,426.6666564941406
81950,1764854865053.0,0.680457421323551,1,619.3333740234375,441.3333435058594
81972,1764854865741.0,0.37990155948646726,0,676.0,172.3333282470703
81986,1764854866181.0,0.44137483816082707,0,684.0,191.3333435058593
81998,1764854866553.0,0.27308736135996275,0,688.3333740234375,144.33334350585938
81999,1764854866585.0,0.5519422453209095,1,688.0,144.33334350585938
82080,1764854869117.0,0.24916435306060417,0,690.3333129882812,174.3333282470703
82081,1764854869149.0,0.2173369750786323,0,691.3333129882812,173.6666717529297
82090,1764854869429.0,0.5076719732268853,0,708.3333740234375,150.3333282470703
82115,1764854870209.0,0.2536318643162768,0,789.3333740234375,246.0
82127,1764854870585.0,0.5008190110985797,0,796.6666259765625,212.3333435058593
82143,1764854871085.0,0.20971360911304965,0,784.3333740234375,240.3333282470703
82144,1764854871116.0,0.42051919780053604,0,784.6666870117188,241.9999847412109
82152,1764854871365.0,0.5424157069801083,0,785.3333129882812,220.6666717529297
82153,1764854871396.3076,0.22689377204198644,0,785.1794715294471,222.02564532940204
82188,1764854872489.0,0.24748059507580164,0,701.0,446.3333129882813
82258,1764854874677.0,0.21755004673384584,0,680.0,134.3333282470703
82259,1764854874708.2,0.22143353782367917,0,679.9111124674479,134.5333282470703
82290,1764854875677.0,0.6224295741131102,0,674.3333740234375,189.3333435058593
82375,1764854878329.0,0.5393061436098805,0,638.3333129882812,133.66665649414062
82438,1764854880297.0,0.21727626496295366,0,612.3333129882812,141.66665649414062
82439,1764854880329.0,0.5133864884433389,0,613.3333129882812,141.66665649414062
82453,1764854880769.0,0.4056987993168296,0,626.0,166.3333282470703
82468,1764854881237.0,0.20358058424266812,0,632.6666564941406,118.0
82469,1764854881269.0,0.5057563224547823,1,633.0,117.66666412353516
82499,1764854882205.0,0.2603716000695415,0,633.3333129882812,377.6666564941406
82580,1764854884733.0,0.5588101951294013,0,677.6666870117188,133.3333282470703
82650,1764854886921.6667,0.2281052688934648,0,674.3610890706381,131.22222137451172
82651,1764854886953.0,0.5617201899299948,0,672.3333129882812,128.0
82662,1764854887297.0,0.4273871476090278,0,688.3333740234375,159.3333282470703
82679,1764854887829.0,0.2070844203018922,0,726.3333129882812,114.33333587646484
82680,1764854887857.0,0.5076719732268853,1,730.3333129882812,114.33333587646484
82741,1764854889765.0,0.20516876952978919,0,655.3333129882812,166.3333282470703
82742,1764854889797.0,0.49074174246585595,0,652.0,166.3333282470703
82749,1764854890013.0,0.398068633328273,0,632.0,174.66665649414062
82758,1764854890293.0,0.23497828982759436,0,616.3333740234375,133.66665649414062
82765,1764854890513.0,0.5057563224547823,0,604.6666870117188,130.6666717529297
82841,1764854892889.0,0.5133864884433389,0,531.0,115.66667175292967
82857,1764854893389.0,0.21783809138576732,0,555.0,149.3333282470703
82858,1764854893418.0,0.65215967203546,0,556.3333740234375,153.0
82860,1764854893481.0,0.23071817512058773,0,615.4999694824219,123.66666793823242
82861,1764854893513.0,0.5519422453209095,0,613.6666259765625,123.0
82866,1764854893669.0,0.45686164123288264,0,564.3333740234375,182.3333282470703
82879,1764854894074.0,0.4774795456484346,0,563.3333129882812,137.66665649414062
82954,1764854896417.0,0.371391362009569,0,749.6666870117188,75.33333587646484
82987,1764854897449.0,0.5487147378280935,0,834.3333740234375,196.6666717529297
82995,1764854897698.0,0.44820083475561073,1,845.3333129882812,145.0
83031,1764854898822.0,0.5076719732268853,0,1021.3333129882812,329.3333435058594
83056,1764854899605.0,0.5076719732268853,0,1156.333251953125,481.3333435058594
83140,1764854902229.0,0.4934341018535365,0,774.6666870117188,221.3333282470703
83146,1764854902414.0,0.43094898991182584,0,770.0,238.3333282470703
83329,1764854908133.0,0.2008781778688885,0,667.3333129882812,145.0
83349,1764854908757.0,0.4099115911529817,0,681.6666259765625,64.33333587646484
83350,1764854908788.2,0.23091439385929388,0,681.13330078125,68.60000152587891
83435,1764854911442.7446,0.20547556220641153,0,656.9219659034242,112.36879681526348
83436,1764854911474.0,0.5624231126704927,0,656.3333129882812,112.33333587646484
83456,1764854912098.0,0.20535550731349636,0,635.3333129882812,123.33333587646484
83464,1764854912349.5557,0.23071817512058773,0,645.1110907660591,99.9259262084961
83465,1764854912381.0,0.5424157069801083,0,646.3333129882812,97.0
83485,1764854913005.75,0.21783809138576732,0,630.1944224039713,135.66667683919272
83486,1764854913037.0,0.509143733524196,0,630.3333129882812,136.33334350585938
83488,1764854913098.0,0.5079814239540901,0,647.3333129882812,111.33333587646484
83489,1764854913129.75,0.23091439385929388,0,643.5833129882812,117.58333778381348
83504,1764854913598.0,0.4953497526256395,0,892.6666870117188,486.3333435058594
83539,1764854914693.0,0.5057563224547823,0,688.3333740234375,152.0
83542,1764854914786.0,0.49074174246585595,0,680.3333129882812,152.33334350585938
83555,1764854915193.0,0.40086431558871766,0,654.6666870117188,185.3333282470703
83570,1764854915661.0,0.3413340939193838,0,643.6666870117188,127.0
83609,1764854916878.0,0.3460421453354547,0,624.3333740234375,156.6666717529297
83614,1764854917034.0,0.5464879745281555,0,622.6666870117188,141.3333282470703
83647,1764854918066.0,0.508552004715227,0,633.3333129882812,142.0
83652,1764854918222.0,0.2319119444090162,0,633.3333129882812,155.3333282470703
83732,1764854920722.0,0.5424157069801083,0,647.3333129882812,104.33332824707033
83733,1764854920753.2354,0.22689377204198644,0,646.5490004595588,106.99999461454505
83749,1764854921253.0,0.2859565696203004,0,634.0,149.66665649414062
83832,1764854923845.111,0.20691526740937605,0,637.0000339084202,77.74073876274957
83889,1764854925626.0,0.4934341018535365,0,1020.3333129882812,379.3333129882813
83891,1764854925686.0,0.3823434181739759,0,1006.6666259765624,380.3333435058594
83937,1764854927126.0,0.3488378275958993,0,638.3333129882812,152.33334350585938
83958,1764854927782.0,0.2707984545031149,0,636.0,87.33332824707031
83959,1764854927814.0,0.5424157069801083,0,637.0,87.33332824707031
83982,1764854928530.8333,0.2001234357514435,0,629.9722417195638,116.40277512868246
83983,1764854928562.0,0.4273871476090278,0,629.6666870117188,117.66666412353516
84048,1764854930594.0,0.3564679935844559,0,1122.0,462.6666870117188
84054,1764854930778.0,0.4962297841139811,0,1127.333251953125,447.3333129882813
84129,1764854933122.0,0.37717775573567347,0,660.6666259765625,128.33334350585938
84175,1764854934558.0,0.5140559530148843,0,674.3333740234375,91.33333587646484
84182,1764854934778.0,0.5890372033394465,0,689.0,137.3333282470703
84184,1764854934842.0,0.23907351317289732,0,687.3333129882812,131.3333282470703
84193,1764854935122.4443,0.22669755330328029,0,677.0740898980034,91.55555725097656
84194,1764854935154.0,0.5547379275813541,0,677.6666870117188,91.33333587646484
84240,1764854936590.0,0.5894715681690279,0,835.3333129882812,641.3333129882812
84301,1764854938494.0,0.21826500278571395,0,858.3333740234375,533.3333129882812
84324,1764854939214.0,0.20358058424266812,0,888.6666564941406,327.3333282470703
84325,1764854939246.0,0.5057563224547823,0,887.3333129882812,326.6666564941406
84333,1764854939494.0,0.21209776775901162,0,876.0,362.3333435058594
84334,1764854939526.0,0.6583572561132199,0,872.6666870117188,371.3333435058594
84346,1764854939902.0,0.21366672079170448,0,646.6666259765625,220.6666717529297
84347,1764854939934.0,0.5492836567886001,0,644.0,220.6666717529297
84426,1764854942402.0,0.5396200247196636,0,879.3333740234375,306.66668701171875
84435,1764854942682.0,0.21209776775901162,0,868.0,339.3333435058594
84436,1764854942714.0,0.6583572561132199,0,866.0,346.66668701171875
84451,1764854943182.0,0.20516876952978919,0,641.3333129882812,204.6666717529297
84452,1764854943214.0,0.5057563224547823,0,636.6666870117188,204.6666717529297
84501,1764854944742.762,0.23071817512058773,0,584.2777390252976,124.35714521862212
84502,1764854944774.0,0.5492836567886001,0,583.6666259765625,123.33333587646484
84510,1764854945022.0,0.2095173903743435,0,586.0,159.3333282470703
84511,1764854945054.0,0.2378190738075045,0,585.6666259765625,159.3333282470703
84592,1764854947586.0,0.35525411755988207,0,660.0,131.3333282470703
84593,1764854947618.0,0.4177235155400914,0,660.0,132.0
84597,1764854947742.0,0.5616058773898459,0,637.3333129882812,128.33334350585938
84613,1764854948242.0,0.25934637953273043,0,664.3333740234375,157.33334350585938
84621,1764854948490.0,0.5038599501025377,0,674.3333740234375,140.0
84624,1764854948586.0,0.23150414846002348,0,676.0,145.0
84625,1764854948618.0,0.6549553542959046,0,675.6666259765625,149.66665649414062
84626,1764854948646.0,0.2732835800986689,0,682.3333129882812,112.66666412353516
84627,1764854948678.0,0.2732835800986689,0,683.3333740234375,114.33333587646484
84630,1764854948774.0,0.25619354298878166,0,674.3333740234375,147.3333282470703
84649,1764854949366.0,0.2292822379391936,0,682.3333129882812,238.3333282470703
84668,1764854949959.0,0.46179550108796286,0,659.0,126.33332824707033
84691,1764854950678.0,0.4725456857933544,0,644.3333740234375,187.3333282470703
84710,1764854951270.0,0.5424157069801083,0,673.6666870117188,115.33333587646484
84711,1764854951301.3333,0.23091439385929388,0,668.3333435058594,119.3333346048991
84726,1764854951770.0,0.42051919780053604,0,642.3333129882812,164.3333282470703
84750,1764854952522.5,0.21207770169287687,0,647.9667053222656,119.33333587646484
84751,1764854952554.0,0.49074174246585595,0,648.3333740234375,119.33333587646484
84754,1764854952646.0,0.24000749639526453,0,649.0,124.99999237060548
84771,1764854953178.0,0.5519422453209095,0,669.0,108.33333587646484
84775,1764854953302.0,0.5125599308944584,0,665.0,143.3333282470703
84776,1764854953333.2,0.22944601823004618,0,668.0666625976562,138.53332977294923
84780,1764854953458.0,0.31896076002106893,0,680.3333129882812,119.33333587646484
84782,1764854953522.0,0.6611529383736646,0,683.0,124.33333587646484
84784,1764854953583.0,0.4076226842961338,0,679.0,85.66666412353516
84785,1764854953614.3076,0.23778234366778567,0,679.7179518479568,89.56410099909856
84802,1764854954146.0,0.42051919780053604,0,685.6666259765625,156.6666717529297
84808,1764854954334.0,0.5492836567886001,0,686.3333129882812,137.3333282470703
84809,1764854954364.6667,0.2114069689699309,0,687.6666463216146,139.88888549804688
84811,1764854954426.0,0.3695475897471169,0,690.3333129882812,145.0
84858,1764854955894.75,0.23071817512058773,0,696.2083129882812,86.90277528762817
84859,1764854955926.0,0.5424157069801083,0,696.3333129882812,85.66666412353516
84882,1764854956646.0,0.5624231126704927,0,680.0,145.0
84912,1764854957582.0,0.24580908414568547,0,664.6666870117188,156.6666717529297
84958,1764854959018.0,0.5148493737625819,0,665.3333129882812,65.33333587646484
84959,1764854959049.282,0.23376172185047822,0,666.4871591421274,65.89743824494191
84998,1764854960267.0,0.30774185590560166,0,709.6666870117188,87.33332824707031
85021,1764854960986.7144,0.20444753570432028,0,683.4761701311384,100.00000762939452
85022,1764854961018.0,0.4935374247263006,0,682.3333129882812,100.00000762939452
85024,1764854961082.0,0.37892250191900756,0,681.3333129882812,100.33332824707033
84982,1764854959770.0,0.5079814239540901,0,683.3333740234375,136.33334350585938
84983,1764854959801.2307,0.22689377204198644,0,683.29491013747,136.71795830359827
85008,1764854960582.0,0.4177235155400914,0,682.3333129882812,146.3333282470703
85049,1764854961862.0,0.20535550731349636,0,677.3333129882812,127.33333587646484
85064,1764854962330.0,0.34448693046333256,0,685.0,78.33333587646484
85092,1764854963206.0,0.24781748785802168,0,673.3333740234375,172.6666717529297
85127,1764854964298.0,0.6155616243046184,0,708.3333740234375,582.3333129882812
85140,1764854964703.0,0.5057563224547823,0,691.3333129882812,504.6666870117188
85173,1764854965735.0,0.20470608286507097,0,680.0,140.0
85201,1764854966610.0,0.6611529383736646,0,684.3333740234375,150.3333282470703
85204,1764854966703.0,0.5617201899299948,0,635.3333129882812,112.33333587646484
85205,1764854966734.0,0.26215678451369606,0,648.0833129882812,120.0833339691162
85207,1764854966796.0,0.20760606619845678,0,673.5833129882812,135.58333015441897
85208,1764854966827.0,0.5913872189411309,0,686.3333129882812,143.3333282470703
85233,1764854967607.8333,0.24336741900117867,0,677.8333333333334,63.0
85234,1764854967639.0,0.5624231126704927,0,677.0,63.0
85249,1764854968110.0,0.4398236807504225,0,645.0,112.33333587646484
85276,1764854968951.0,0.49074174246585595,0,693.6666870117188,79.33333587646484
85288,1764854969326.0,0.296316014043586,0,652.6666870117188,134.3333282470703
85316,1764854970203.0,0.6680208881821564,1,421.3333435058594,475.3333129882813
85336,1764854970827.0,0.20194818545385998,0,450.6666564941406,281.3333435058594
85337,1764854970859.0,0.5076719732268853,0,454.0,281.3333435058594
85361,1764854971607.0,0.24229640325211238,0,523.3333129882812,455.3333435058594
85362,1764854971639.0,0.23487085861916035,0,523.0,454.3333435058594
85377,1764854972107.0,0.5057563224547823,0,490.0,388.0
85378,1764854972139.0,0.20464375444302643,0,488.3333129882813,388.3333435058594
85425,1764854973607.0,0.43702799848997786,0,524.3333740234375,524.3333129882812
85434,1764854973887.0,0.5133864884433389,0,552.3333129882812,513.3333740234375
85479,1764854975295.0,0.42459146534858316,0,576.3333740234375,541.6666870117188
85481,1764854975355.0,0.21733533282759063,0,579.6666870117188,539.3333740234375
85507,1764854976167.0,0.5057563224547823,0,578.6666259765625,326.3333435058594
85516,1764854976451.0,0.2054236856681832,0,570.6666259765625,369.3333129882813
85517,1764854976482.0,0.6603681742821512,1,570.0,377.9999694824219
85518,1764854976511.0,0.23897333392964748,0,578.3333129882812,368.3333435058594
85534,1764854977011.0,0.5010642678420931,0,720.0,192.00001525878903
85540,1764854977199.0,0.3564679935844559,0,726.6666259765625,196.3333435058593
85568,1764854978075.0,0.3368567644747759,0,714.3333740234375,116.33333587646484
85630,1764854980011.0,0.4934341018535365,0,634.0,340.6666564941406
85641,1764854980355.0,0.680457421323551,1,626.3333740234375,380.6666564941406
85676,1764854981447.0,0.3413340939193838,0,660.3333129882812,132.33334350585938
85726,1764854983011.0,0.6224295741131102,1,544.3333740234375,490.3333435058594
85673,1764854981357.0,0.20194818545385998,0,159.3333282470703,634.3333129882812
85674,1764854981387.0,0.51046765548733,0,165.0,634.3333129882812
85681,1764854981603.0,0.6356508713460182,0,193.3333435058593,642.3333129882812
86212,1764854998191.0,0.2070844203018922,0,416.3333282470703,280.33331298828125
86213,1764854998223.0,0.5076719732268853,0,419.3333435058594,280.33331298828125
86222,1764854998503.0,0.5885915366806862,0,443.3333129882813,298.6666564941406
86244,1764854999191.0,0.5076719732268853,0,505.0,141.66665649414062
86266,1764854999879.0,0.20023275307743493,0,553.6666259765625,209.0
86267,1764854999911.0,0.42051919780053604,0,554.6666870117188,209.3333282470703
86769,1764855015591.762,0.2123435120149033,0,566.2554518134046,149.7359205634047
86770,1764855015623.0,0.5692910624789845,0,566.3333740234375,149.66665649414062
86776,1764855015811.0,0.4890544864827962,0,572.3333129882812,150.3333282470703
86778,1764855015872.0,0.4953497526256395,0,578.3333129882812,140.33334350585938
86781,1764855015967.0,0.3564679935844559,0,585.0,168.0
86786,1764855016123.0,0.5424157069801083,0,594.0,134.3333282470703
86787,1764855016152.0,0.22319069005111425,0,592.0,149.3333282470703
86788,1764855016184.0,0.20890420761557607,0,592.3333129882812,147.3333282470703
86793,1764855016340.0,0.42051919780053604,0,594.6666870117188,152.33334350585938
86803,1764855016652.0,0.2801515299071607,0,594.3333740234375,143.3333282470703
86804,1764855016683.2222,0.2114069689699309,0,595.5802860966435,143.666662145544
86830,1764855017495.0,0.5943060518971398,0,628.0,152.33334350585938
86835,1764855017652.0,0.5616058773898459,0,628.3333129882812,93.66666412353516
86853,1764855018215.0,0.3564679935844559,0,649.0,153.66665649414062
86860,1764855018435.0,0.5424157069801083,0,656.0,136.0
86864,1764855018559.5,0.21209776775901162,0,654.3333435058594,147.5
86865,1764855018591.0,0.6583572561132199,0,653.3333740234375,151.6666717529297
86874,1764855018871.0,0.5010642678420931,0,647.6666870117188,72.33333587646484
86885,1764855019215.5,0.20918939134709663,0,653.5000305175781,72.33333587646484
86886,1764855019247.0,0.508552004715227,0,653.6666870117188,72.33333587646484
86898,1764855019620.0,0.6356508713460182,0,663.6666870117188,99.33333587646484
86899,1764855019651.0,0.2641267234333292,0,661.3333129882812,71.33333587646484
86900,1764855019682.4,0.23091439385929388,0,661.5333129882813,74.13333435058594
86909,1764855019963.0,0.41815788036967283,0,666.6666259765625,100.33332824707033
86910,1764855019995.0,0.21366672079170448,0,667.3333129882812,71.66666412353516
86911,1764855020027.0,0.511244859347581,0,667.3333129882812,71.66666412353516
86913,1764855020088.0,0.5487147378280935,0,668.6666870117188,100.00000762939452
86916,1764855020183.0,0.5010642678420931,0,670.3333129882812,72.33333587646484
86921,1764855020339.0,0.21701577607435937,0,673.0,92.66666412353516
86932,1764855020683.0,0.4415583410601647,0,682.3333129882812,101.66666412353516
86946,1764855021120.0,0.36613139237685444,0,640.3333129882812,156.3333282470703
86947,1764855021151.0,0.4962297841139811,0,638.3333129882812,122.66666412353516
86955,1764855021400.0,0.5424157069801083,0,633.6666259765625,136.33334350585938
86960,1764855021556.0,0.46053344290164006,0,634.3333740234375,151.3333282470703
86961,1764855021587.3333,0.20881485478659223,0,636.5278116861979,149.66666158040366
86974,1764855021995.0,0.5272859069039765,0,641.6666259765625,114.33333587646484
86975,1764855022026.3333,0.26215678451369606,0,644.8332926432291,117.16666793823242
86979,1764855022151.6667,0.20901107352529838,0,657.4999593098959,128.4999961853027
86980,1764855022183.0,0.4890544864827962,0,660.6666259765625,131.3333282470703
86987,1764855022400.0,0.5079814239540901,0,707.3333129882812,106.0
86988,1764855022431.2727,0.22689377204198644,0,705.1515003551136,106.72727272727272
87088,1764855025556.0,0.4602688104111798,1,637.6666870117188,74.33333587646484
87089,1764855025587.111,0.20691526740937605,0,638.1852010091146,74.66666920979817
87160,1764855027804.0,0.24981365789376053,0,774.6666870117188,263.3333435058594
87161,1764855027836.0,0.3480531332694783,0,772.0,264.0
87171,1764855028148.0,0.369475711237466,0,753.3333740234375,229.3333282470703
87187,1764855028648.0,0.22661235869164068,0,744.3333740234375,254.3333282470703
87193,1764855028836.0,0.41600798950569723,0,742.3333129882812,241.9999847412109
87205,1764855029212.0,0.3488378275958993,0,734.6666870117188,256.0
87209,1764855029336.0,0.3722713934979106,0,733.3333740234375,248.3333282470703
87219,1764855029648.0,0.3488378275958993,0,726.3333129882812,256.3333435058594
87222,1764855029743.0,0.20022875342046312,0,724.6666870117188,252.66665649414065
87255,1764855030771.0,0.5133864884433389,0,652.3333129882812,81.0
87260,1764855030928.0,0.3326991851123198,0,656.3333129882812,94.33333587646484
87319,1764855032772.0,0.5057563224547823,0,677.6666870117188,129.3333282470703
87320,1764855032804.0,0.2098423177131032,0,674.3333740234375,130.0
87334,1764855033240.0,0.40086431558871766,0,644.6666870117188,163.3333282470703
87345,1764855033584.0,0.5424157069801083,0,678.3333740234375,85.33332824707031
87420,1764855035928.0,0.3508488155299229,0,772.6666870117188,162.3333282470703
87446,1764855036739.0,0.5288252762602973,1,741.3333129882812,134.3333282470703
87465,1764855037332.0,0.36675190748667225,0,666.6666259765625,232.3333282470703
87469,1764855037456.0,0.20516876952978919,0,652.0,230.6666717529297
87470,1764855037488.0,0.4935374247263006,0,648.3333740234375,230.6666717529297
87484,1764855037927.0,0.3488378275958993,0,652.3333129882812,248.3333282470703
87491,1764855038144.0,0.4922973793936183,0,654.3333740234375,235.3333282470703
87492,1764855038175.5,0.20377680298137427,0,654.583366394043,235.91666221618647
87502,1764855038488.0,0.22133113323737388,0,657.3333129882812,244.0
87593,1764855041332.739,0.2069913855599353,0,687.9964168382728,251.91304347826087
87594,1764855041364.0,0.42459146534858316,0,688.3333740234375,252.0
87636,1764855042676.0,0.5091181464140082,0,699.3333740234375,174.3333282470703
87654,1764855043236.0,0.42051919780053604,0,697.3333129882812,212.3333435058593
87660,1764855043424.0,0.5424157069801083,0,698.0,193.3333282470703
87661,1764855043455.3845,0.20377680298137427,0,695.8205143855168,195.94871286245493
87677,1764855043956.0,0.21606845101779765,0,669.3333740234375,225.9999847412109
87698,1764855044612.0,0.5424157069801083,0,661.6666259765625,131.6666717529297
87768,1764855046796.0,0.20752307164050066,0,670.6666259765625,183.3333435058593
87769,1764855046828.0,0.5624231126704927,0,670.6666259765625,182.3333282470703
87789,1764855047452.0,0.2319119444090162,0,668.3333740234375,204.3333435058593
87795,1764855047640.0,0.20535550731349636,0,666.3333129882812,203.3333282470703
87829,1764855048704.0,0.5588101951294013,0,680.3333129882812,178.66665649414062
87832,1764855048796.0,0.42051919780053604,0,682.3333129882812,179.3333282470703
87958,1764855052732.0,0.20594935785388693,0,653.3333740234375,120.99999237060548
87997,1764855053952.0,0.20444753570432028,0,703.3333435058594,80.33333587646484
87998,1764855053984.0,0.4935374247263006,0,702.3333129882812,80.33333587646484
88022,1764855054732.0,0.25619354298878166,0,694.6666870117188,148.33334350585938
88034,1764855055108.0,0.5547379275813541,0,693.6666870117188,140.6666717529297
88038,1764855055232.0,0.42051919780053604,0,692.3333129882812,151.3333282470703
88060,1764855055920.0,0.26215678451369606,0,652.3333435058594,112.5
88061,1764855055952.0,0.21893936853362567,0,652.0,112.66666412353516
88087,1764855056760.8,0.2113621631820503,0,688.26669921875,149.59999084472656
88088,1764855056792.0,0.6236288582283703,0,688.3333740234375,149.66665649414062
88089,1764855056824.0,0.23907351317289732,0,688.3333740234375,146.6666717529297
88090,1764855056856.0,0.24249626166606608,0,628.3333129882812,112.33333587646484
88091,1764855056888.0,0.5118246072862116,0,628.3333129882812,112.33333587646484
88098,1764855057108.0,0.6155616243046184,0,682.6666870117188,114.66666412353516
88099,1764855057136.0,0.2629606787832416,0,683.3333740234375,114.33333587646484
88101,1764855057200.0,0.5492836567886001,0,679.0,85.66666412353516
88147,1764855058636.7778,0.22669755330328029,0,705.7592383490669,116.19444677564832
88148,1764855058668.0,0.5547379275813541,0,706.3333129882812,115.33333587646484
88156,1764855058916.0,0.4725456857933544,0,684.3333740234375,128.33334350585938
88172,1764855059416.0,0.2078589194090197,0,689.6666870117188,75.66666412353516
88244,1764855061668.0,0.36794902056068296,0,510.3333129882813,189.66665649414065
88246,1764855061728.0,0.3988763687825427,0,513.0,190.3333282470703
88255,1764855062012.0,0.6155616243046184,0,526.3333740234375,206.3333282470703
88271,1764855062512.0,0.39422754659251,0,526.3333740234375,137.0
88272,1764855062543.111,0.20377680298137427,0,526.6296657986111,137.44444444444446
88288,1764855063040.0,0.3201435964656786,0,530.3333129882812,151.3333282470703
88390,1764855066228.7378,0.2123435120149033,0,560.0420508523589,139.44983310143925
88391,1764855066260.0,0.5692910624789845,0,560.3333129882812,139.3333282470703
88396,1764855066416.0,0.3564679935844559,0,569.0,152.33334350585938
88403,1764855066633.0,0.511244859347581,0,573.6666259765625,135.3333282470703
88410,1764855066852.0,0.23877989421750795,0,576.3333740234375,148.33334350585938
88462,1764855068477.0,0.5364554422488539,0,626.3333740234375,139.6666717529297
88467,1764855068633.0,0.3564679935844559,0,636.3333740234375,153.33334350585938
88474,1764855068852.0,0.5038599501025377,0,643.3333740234375,135.3333282470703
88480,1764855069040.0,0.3168938691988272,0,644.3333740234375,151.3333282470703
88491,1764855069384.0,0.2641267234333292,0,647.6666870117188,128.33334350585938
88492,1764855069415.2122,0.22689377204198644,0,647.6161822694721,128.65657552083334
88556,1764855071412.7878,0.2001234357514435,0,644.3838787656841,149.34342447916666
88557,1764855071444.0,0.4177235155400914,0,644.3333740234375,149.66665649414062
88619,1764855073381.0,0.2123362488536276,1,643.0,75.66666412353516
88643,1764855074132.0,0.2974156868503286,0,664.3333740234375,134.6666717529297
88670,1764855074972.0,0.5925072211682376,1,923.3333740234376,500.3333435058594
88671,1764855075004.0,0.22248106885203967,0,922.3333435058594,491.3333282470703
88672,1764855075036.0,0.21785152207602856,0,921.3333129882812,482.3333129882813
88700,1764855075912.0,0.44401834323204353,0,661.3333129882812,156.6666717529297
88701,1764855075944.0,0.6171711445251018,0,656.3333129882812,158.3333282470703
88703,1764855076005.0,0.5617201899299948,0,628.3333129882812,112.99999237060548
88718,1764855076473.0,0.3460421453354547,0,612.0,201.3333282470703
88735,1764855077005.0,0.508552004715227,1,593.3333129882812,154.3333282470703
88748,1764855077412.0,0.3460421453354547,0,584.0,177.33334350585938
88777,1764855078317.0,0.2173538279951397,0,573.6666259765625,135.3333282470703
88788,1764855078661.0,0.298611383866327,0,577.0,140.33334350585938
88806,1764855079224.0,0.5652187949309373,0,648.3333740234375,115.33333587646484
88820,1764855079660.0,0.21035043015277805,0,601.3333740234375,146.6666717529297
88821,1764855079692.0,0.43702799848997786,0,602.3333129882812,147.3333282470703
88845,1764855080441.0,0.5424157069801083,0,654.3333740234375,122.33333587646484
88862,1764855080973.0,0.3488378275958993,0,641.0,152.33334350585938
88868,1764855081160.0,0.5269289039080527,0,641.3333129882812,137.3333282470703
88874,1764855081348.0,0.37717775573567347,0,648.3333740234375,157.33334350585938
88963,1764855084128.0,0.20535550731349636,0,636.3333740234375,120.33333587646484
88976,1764855084533.0,0.3646483044684121,0,641.0,82.33333587646484
88977,1764855084564.2,0.20691526740937605,0,641.6,82.53333587646485
88994,1764855085097.0,0.3056583523090952,0,659.6666870117188,137.0
88996,1764855085157.0,0.29841676927989724,0,665.3333129882812,125.66666412353516
89021,1764855085940.0,0.6611529383736646,1,930.3333129882812,495.3333129882813
89049,1764855086813.0,0.20516876952978919,0,715.3333129882812,181.3333435058593
89050,1764855086844.0,0.5057563224547823,0,711.3333129882812,181.3333435058593
89067,1764855087377.0,0.36675190748667225,0,657.3333129882812,224.3333282470703
89068,1764855087408.0,0.2016529305181606,0,655.3333129882812,222.3333282470703
89084,1764855087908.0,0.23505289135558988,0,638.6666259765625,175.3333282470703
89087,1764855088001.0,0.5492836567886001,0,628.3333129882812,140.33334350585938
89097,1764855088313.0,0.3460421453354547,0,628.0,202.3333435058593
89108,1764855088657.0,0.4934341018535365,0,620.3333129882812,174.66665649414062
89120,1764855089033.0,0.3695475897471169,0,612.6666870117188,188.0
89128,1764855089281.0,0.35049095058472346,0,602.3333129882812,155.3333282470703
89139,1764855089624.0,0.42051919780053604,0,604.3333740234375,179.3333282470703
89175,1764855090749.0,0.21279893551834578,0,621.6666870117188,118.33333587646484
89176,1764855090781.0,0.5133864884433389,0,623.0,118.33333587646484
89218,1764855092093.0,0.3536723113240113,0,670.3333129882812,159.3333282470703
89225,1764855092313.0,0.45899981882751817,0,676.6666259765625,137.3333282470703
89232,1764855092529.0,0.42051919780053604,0,674.3333740234375,156.3333282470703
89257,1764855093311.0,0.2686100319153549,0,678.6666870117188,85.66666412353516
89258,1764855093341.0,0.508552004715227,0,678.3333740234375,85.66666412353516
89294,1764855094469.0,0.3695475897471169,0,671.3333129882812,153.0
89300,1764855094653.0,0.24717629829068566,0,670.3333129882812,139.3333282470703
89301,1764855094685.0,0.5492836567886001,0,670.3333129882812,138.0
89307,1764855094873.0,0.3564679935844559,0,677.3333129882812,155.3333282470703
89338,1764855095841.7693,0.22669755330328029,0,682.6025836651141,120.01282295813928
89339,1764855095873.0,0.5547379275813541,0,682.6666870117188,119.33333587646484
89344,1764855096029.0,0.2859565696203004,0,680.3333129882812,151.3333282470703
89345,1764855096060.2,0.20440454645734524,0,680.3333129882812,150.66666259765626
89395,1764855097621.0,0.24112492054019774,0,677.3333129882812,120.99999237060548
89408,1764855098029.0,0.5267316624196365,0,677.6666870117188,71.66666412353516
89409,1764855098060.25,0.20377680298137427,0,677.8125190734863,72.83333110809326
89479,1764855100245.0,0.2070844203018922,0,595.6666259765625,178.3333282470703
89480,1764855100277.0,0.492657393237959,0,600.0,178.3333282470703
89486,1764855100465.0,0.47755333387221566,0,618.3333129882812,187.6666717529297
89498,1764855100841.0,0.2565991240580605,0,630.3333129882812,134.3333282470703
89503,1764855100997.0,0.3488378275958993,0,642.3333129882812,135.3333282470703
89511,1764855101245.0,0.5424157069801083,1,667.3333129882812,107.33333587646484
89570,1764855103089.0,0.5079814239540901,0,716.0,222.3333282470703
89571,1764855103120.2,0.22689377204198644,0,716.1333251953125,223.3333282470703
89582,1764855103465.0,0.42051919780053604,0,717.6666870117188,251.3333282470703
89583,1764855103493.0,0.21363156378463144,0,716.6666259765625,248.0
89791,1764855109993.756,0.20929000348675814,0,723.9635155521222,266.27364193740766
89792,1764855110025.0,0.48472536460846655,0,724.0,266.3333435058594
89823,1764855110993.0,0.20516876952978919,0,687.3333129882812,156.3333282470703
89824,1764855111021.0,0.5057563224547823,0,685.3333129882812,156.3333282470703
89841,1764855111553.0,0.3460421453354547,0,660.3333129882812,203.3333282470703
89912,1764855113773.0,0.49837190845441254,0,651.3333129882812,71.66666412353516
89974,1764855115709.0,0.42051919780053604,0,684.0,114.0
90010,1764855116833.0,0.5424157069801083,0,677.6666870117188,63.66666793823242
90016,1764855117021.0,0.2859565696203004,0,678.3333740234375,85.33332824707031
90028,1764855117397.0,0.5057563224547823,0,665.0,77.66666412353516
90051,1764855118113.0,0.36675190748667225,0,642.0,156.3333282470703
90058,1764855118333.0,0.5492836567886001,0,637.6666870117188,138.0
90061,1764855118425.0,0.240554554035494,0,639.3333740234375,144.33334350585938
90062,1764855118457.0,0.6776617390631064,0,640.3333129882812,149.66665649414062
90065,1764855118553.0,0.2641267234333292,0,683.3333740234375,114.33333587646484
90066,1764855118584.2307,0.23091439385929388,0,681.8718332143931,115.52564327533428
90098,1764855119582.0,0.42051919780053604,0,644.3333740234375,149.0
90191,1764855122489.0,0.49837190845441254,0,649.3333740234375,77.0
90222,1764855123458.0,0.4307860147542939,1,896.6666259765625,512.0
90223,1764855123487.5,0.22248106885203967,0,897.3333129882812,504.1666717529297
90224,1764855123517.0,0.22232885152063642,0,898.0,496.3333435058594
90254,1764855124457.0,0.5057563224547823,0,629.6666870117188,63.0
90285,1764855125425.0,0.398068633328273,0,573.6666259765625,161.0
90356,1764855127641.0,0.2968491009457011,0,492.6666564941406,495.3333129882813
90380,1764855128393.0,0.5038599501025377,0,638.3333129882812,236.3333435058593
90381,1764855128424.2,0.20691526740937605,0,638.7333129882812,237.1333404541016
90606,1764855135450.0,0.382435952047144,0,676.6666259765625,287.3333435058594
90607,1764855135482.0,0.21127249626583702,0,676.3333129882812,284.6666564941406
90628,1764855136137.0,0.21262585639765513,0,678.3333740234375,262.33331298828125
90634,1764855136326.0,0.2158823076260215,0,682.6666870117188,262.33331298828125
90651,1764855136858.0,0.4962297841139811,0,676.6666259765625,166.3333282470703
90670,1764855137450.0,0.4412289599517536,0,674.6666870117188,209.0
90671,1764855137481.3333,0.20440454645734524,0,674.6666870117188,207.55555470784503
90703,1764855138482.0,0.371754732836011,0,677.6666870117188,195.3333282470703
90704,1764855138513.0,0.42051919780053604,0,677.6666870117188,198.6666717529297
90726,1764855139201.0,0.2641267234333292,0,683.0,139.6666717529297
90727,1764855139231.5,0.23091439385929388,0,682.6666564941406,140.00000762939453
90745,1764855139794.0,0.3460421453354547,0,673.0,184.3333282470703
90820,1764855142137.0,0.23897333392964748,0,689.3333740234375,148.33334350585938
90822,1764855142198.0,0.2641267234333292,0,704.3333740234375,84.66667175292969
90823,1764855142229.2,0.23091439385929388,0,703.4667032877604,88.24444885253907
90837,1764855142666.0,0.23313954658677272,0,691.3333129882812,138.3333282470703
90887,1764855144230.0,0.5547379275813541,0,693.3333740234375,109.66666412353516
90936,1764855145762.0,0.24229640325211238,0,691.6666259765625,147.6666717529297
91009,1764855148042.0,0.2843491114068002,0,706.6666259765625,114.66666412353516
91010,1764855148070.0,0.40724264819050815,0,706.6666259765625,116.0
91031,1764855148726.0,0.3771058772260226,0,694.3333740234375,70.33333587646484
91150,1764855152446.0,0.3460421453354547,0,637.3333129882812,163.3333282470703
91160,1764855152758.0,0.5396200247196636,0,630.3333129882812,142.6666717529297
91166,1764855152946.0,0.27797398590196887,0,619.3333740234375,151.3333282470703
91182,1764855153446.0,0.5057563224547823,0,612.6666870117188,145.0
91205,1764855154162.0,0.5161821707037835,0,537.0,135.3333282470703
91254,1764855155694.0,0.42051919780053604,0,554.3333740234375,152.33334350585938
91261,1764855155914.0,0.5547379275813541,0,550.3333129882812,149.66665649414062
91290,1764855156818.0,0.4412289599517536,0,551.3333740234375,171.3333282470703
91292,1764855156882.0,0.49074174246585595,0,550.3333129882812,170.66665649414062
91296,1764855157006.0,0.4177235155400914,0,548.3333129882812,171.6666717529297
91303,1764855157226.0,0.5119138286744529,0,505.0,156.0
91310,1764855157442.0,0.3856856793139952,0,542.3333129882812,172.3333282470703
91889,1764855175530.8,0.2001234357514435,0,642.2666381835937,112.7999954223633
91890,1764855175562.0,0.4273871476090278,0,641.6666259765625,112.99999237060548
91891,1764855175591.0,0.4064494211519927,0,642.3333129882812,112.33333587646484
92131,1764855183090.0,0.5203036445553357,0,637.0,97.0
92132,1764855183121.2246,0.22689377204198644,0,637.068027418487,97.10544220282108
92230,1764855186182.0,0.3695475897471169,0,642.6666870117188,108.00000762939452
92269,1764855187398.0,0.21755004673384584,0,629.6666870117188,70.33333587646484
92304,1764855188494.0,0.3536723113240113,0,714.6666870117188,247.3333435058593
92311,1764855188711.0,0.46942566707651945,0,720.3333129882812,230.6666717529297
92320,1764855188994.0,0.3536723113240113,0,725.3333129882812,236.6666717529297
92326,1764855189182.0,0.34448693046333256,0,730.0,224.3333282470703
92334,1764855189431.0,0.3536723113240113,0,734.3333740234375,227.3333282470703
92396,1764855191367.0,0.508552004715227,0,651.3333129882812,77.33333587646484
92408,1764855191742.0,0.42051919780053604,0,628.3333129882812,101.33332824707033
92430,1764855192430.0,0.5057563224547823,0,637.0,70.66666412353516
92458,1764855193303.0,0.5076719732268853,0,822.6666870117188,297.3333435058594
92499,1764855194586.0,0.45899981882751817,0,736.6666259765625,180.6666717529297
92506,1764855194803.0,0.398068633328273,0,698.3333740234375,188.6666717529297
92528,1764855195491.0,0.4934341018535365,1,645.0,120.99999237060548
92664,1764855199739.0,0.4962297841139811,0,660.3333129882812,75.0
92699,1764855200831.0,0.3460421453354547,0,662.3333129882812,105.0
92712,1764855201239.0,0.20444753570432028,0,664.0833740234375,77.0
92713,1764855201270.0,0.5652187949309373,0,664.3333740234375,77.0
92802,1764855204050.0,0.3201435964656786,0,660.3333129882812,132.0
92803,1764855204081.25,0.20317694427958868,0,660.5833129882812,131.83333206176758
92923,1764855207831.0,0.5214403670152541,0,644.6666870117188,201.3333282470703
92926,1764855207923.0,0.2025184976836723,0,644.3333740234375,206.3333282470703
92927,1764855207954.2432,0.20056403805246575,0,644.9009399414062,206.23422901050463
92973,1764855209391.0,0.2212968867802611,0,675.6666259765625,145.0
92974,1764855209423.0,0.5589245076695502,0,676.3333129882812,145.0
92981,1764855209643.0,0.5272859069039765,0,680.3333129882812,140.33334350585938
92982,1764855209673.6667,0.26215678451369606,0,683.9999796549479,152.33333841959634
92986,1764855209799.0,0.2026090013253719,0,691.3333129882812,185.0
92987,1764855209830.0,0.3817181841794522,0,692.0,188.6666717529297
92995,1764855210079.0,0.20489879968619595,0,694.6666870117188,162.0
92996,1764855210111.0,0.5424157069801083,0,698.0,156.3333282470703
92997,1764855210141.6667,0.22689377204198644,0,697.4444376627604,159.99999491373697
93002,1764855210299.0,0.6410636913322648,0,697.3333129882812,182.3333282470703
93003,1764855210327.0,0.2849395021328145,0,698.3333740234375,177.6666717529297
93006,1764855210423.0,0.21755004673384584,0,685.6666259765625,100.33332824707033
93022,1764855210923.7058,0.2069913855599353,0,688.1765064912684,102.2156883688534
93023,1764855210955.0,0.42459146534858316,0,688.3333740234375,102.33333587646484
93028,1764855211111.6667,0.23071817512058773,0,694.999989827474,88.44444274902344
93029,1764855211143.0,0.5424157069801083,0,696.3333129882812,85.66666412353516
93030,1764855211171.0,0.4753086406058761,0,684.3333740234375,114.0
93035,1764855211327.0,0.203376519955254,0,673.6666870117188,96.33332824707033
93042,1764855211547.5,0.2579399439576825,0,673.3750381469727,93.4166660308838
93043,1764855211579.0,0.5616058773898459,0,673.3333740234375,93.0
93099,1764855213327.842,0.2001234357514435,0,706.2806814093339,152.85964885510896
93100,1764855213359.0,0.42051919780053604,0,706.3333129882812,153.0
93239,1764855217699.7805,0.22669755330328029,0,687.7967683125318,85.98102730851832
93240,1764855217731.0,0.5616058773898459,0,687.6666870117188,85.66666412353516
93246,1764855217919.0,0.3488378275958993,0,691.0,101.66666412353516
93263,1764855218451.0,0.5492836567886001,0,683.3333740234375,37.0
93313,1764855220011.0,0.2641267234333292,0,624.3333740234375,242.3333435058593
93314,1764855220042.2551,0.23091439385929388,0,624.209236092403,242.76092950228983
93458,1764855224543.0,0.21276711764119483,0,606.3333740234375,304.33331298828125
93459,1764855224575.0,0.24229640325211238,0,606.3333740234375,304.33331298828125
93554,1764855227539.0,0.21279893551834578,0,624.3333740234375,269.3333435058594
93555,1764855227571.0,0.5133864884433389,0,626.0,269.3333435058594
93564,1764855227855.0,0.43702799848997786,0,640.3333129882812,278.33331298828125
93573,1764855228135.0,0.20964609897439704,0,678.3333740234375,272.3333435058594
93574,1764855228167.0,0.5390538830208824,0,678.3333740234375,272.3333435058594
93590,1764855228667.0,0.6410636913322648,0,704.3333740234375,308.6666564941406
93616,1764855229479.0,0.508552004715227,0,668.3333740234375,133.66665649414062
93825,1764855236007.0,0.398068633328273,0,632.3333129882812,110.33333587646484
93837,1764855236383.0,0.20186600217337416,0,633.0,73.66666412353516
93858,1764855237039.0,0.21209776775901162,0,666.0,166.3333282470703
93859,1764855237068.0,0.6611529383736646,0,671.0,181.66665649414065
93968,1764855240475.0,0.4682165639190247,0,634.3333740234375,101.66666412353516
93981,1764855240880.0,0.5084491770871364,0,640.3333129882812,65.33333587646484
94020,1764855242099.0,0.35951070159343557,0,816.3333129882812,304.0
94024,1764855242223.0,0.2070844203018922,0,850.0,298.3333435058594
94025,1764855242255.0,0.5076719732268853,0,858.6666870117188,298.3333435058594
94070,1764855243659.0,0.5057563224547823,0,714.3333740234375,154.3333282470703
94072,1764855243723.0,0.3823434181739759,0,702.6666870117188,155.3333282470703
94080,1764855243972.0,0.3460421453354547,0,670.3333129882812,172.3333282470703
94100,1764855244596.0,0.5131412316998256,1,637.6666870117188,117.66666412353516
94185,1764855247252.0,0.37596106472846247,0,715.3333129882812,164.3333282470703
94186,1764855247284.0,0.40849448157727425,0,717.0,165.33334350585938
94200,1764855247720.0,0.5133864884433389,1,731.3333129882812,133.66665649414062
94201,1764855247752.0,0.21299515425705193,0,732.6666870117188,134.3333282470703
94267,1764855249815.0,0.20516876952978919,0,658.3333740234375,163.3333282470703
94268,1764855249844.0,0.5057563224547823,0,655.3333129882812,163.3333282470703
94292,1764855250595.0,0.5010642678420931,1,627.6666870117188,115.66667175292967
94321,1764855251500.0,0.5863096370904776,0,628.3333129882812,310.6666564941406
94322,1764855251531.2,0.20586663959824805,0,633.5333251953125,302.79999389648435
94350,1764855252408.0,0.5133864884433389,0,739.3333740234375,140.0
94366,1764855252907.0,0.3536723113240113,0,760.3333129882812,168.3333282470703
94434,1764855255032.0,0.5424157069801083,1,792.3333129882812,77.33333587646484
94447,1764855255436.0,0.6352402870526079,0,776.3333129882812,252.66665649414065
94460,1764855255844.0,0.20516876952978919,0,693.6666870117188,179.3333282470703
94461,1764855255875.0,0.5057563224547823,0,689.0,179.3333282470703
94471,1764855256188.0,0.46992316788365907,0,656.3333129882812,196.6666717529297
94494,1764855256904.4285,0.2579399439576825,0,640.047624860491,134.47618538992745
94495,1764855256936.0,0.5712467282707959,1,641.0,134.3333282470703
94560,1764855258968.0,0.23321811281046306,0,795.3333129882812,238.3333282470703
94561,1764855258999.0,0.5119138286744529,0,796.0,237.66665649414065
94570,1764855259280.0,0.27352225232668004,0,798.6666870117188,251.3333282470703
94571,1764855259311.0,0.21304631204978336,0,798.3333740234375,250.66665649414065
94627,1764855261060.5,0.20901107352529838,0,660.1249694824219,129.45832920074463
94628,1764855261092.0,0.43702799848997786,0,661.6666259765625,131.3333282470703
94632,1764855261216.0,0.49814543488608415,0,684.3333740234375,114.0
94639,1764855261436.0,0.6155616243046184,0,707.3333129882812,164.6666717529297
94808,1764855266712.0,0.5057563224547823,0,685.3333129882812,36.66666793823242
94842,1764855267776.0,0.3168938691988272,0,685.6666259765625,100.33332824707033
94911,1764855269932.0,0.45899981882751817,0,764.6666870117188,153.66665649414062
94927,1764855270432.0,0.203376519955254,0,740.6666259765625,190.6666717529297
94928,1764855270464.0,0.2016529305181606,0,740.0,190.3333282470703
95097,1764855275740.7546,0.20547556220641153,0,714.3962667213297,84.33962516064913
95098,1764855275772.0,0.5624231126704927,0,714.3333740234375,84.33333587646484
95099,1764855275804.0,0.24000749639526453,0,709.6666870117188,88.33333587646484
95103,1764855275928.0,0.5547379275813541,0,716.3333129882812,87.33332824707031
95157,1764855277616.0,0.3460421453354547,0,693.3333740234375,140.6666717529297
95220,1764855279584.4443,0.26267190195106516,0,680.2222561306423,85.66666412353516
95221,1764855279616.0,0.5845232778808238,0,678.3333740234375,85.66666412353516
95240,1764855280208.0,0.3488378275958993,0,687.3333129882812,154.0
95247,1764855280428.0,0.5424157069801083,0,684.0,135.3333282470703
95248,1764855280459.2,0.22689377204198644,0,684.3333251953125,136.79999694824218
95256,1764855280708.0,0.3564679935844559,0,689.0,149.66665649414062
95286,1764855281644.8,0.23071817512058773,0,708.3444458007813,87.33332824707031
95287,1764855281676.0,0.5424157069801083,0,709.0,85.33332824707031
95301,1764855282112.0,0.3460421453354547,0,692.0,142.3333282470703
95317,1764855282612.0,0.5148493737625819,0,674.3333740234375,94.33333587646484
95318,1764855282643.2856,0.23376172185047822,0,674.857182094029,95.61904988970076
95345,1764855283488.0,0.42051919780053604,0,689.0,130.3333282470703
95373,1764855284364.0,0.2690667395426553,0,686.3333129882812,68.33333587646484
95374,1764855284396.0,0.5519422453209095,0,686.3333129882812,68.33333587646484
95411,1764855285549.0,0.680457421323551,1,477.3333435058594,488.3333129882813
95412,1764855285580.6667,0.2299824218054366,0,491.33335367838544,467.3333231608073
95433,1764855286237.0,0.5010642678420931,0,686.3333129882812,230.3333282470703
95443,1764855286548.0,0.4089074207881115,0,694.6666870117188,255.3333435058593
95446,1764855286644.0,0.34448693046333256,0,697.3333129882812,248.6666717529297
95468,1764855287332.0,0.5161821707037835,0,712.0,258.6666564941406
95584,1764855290953.818,0.20547556220641153,0,620.292909564394,73.02020194313742
95585,1764855290985.0,0.5692910624789845,0,620.3333129882812,73.0
95671,1764855293672.0,0.5943060518971398,0,654.3333740234375,123.0
95678,1764855293892.0,0.4962297841139811,0,653.0,77.33333587646484
95688,1764855294202.0,0.2001234357514435,0,646.939375443892,94.90908882834694
95689,1764855294233.0,0.4273871476090278,0,646.3333129882812,96.66666412353516
95705,1764855294733.8,0.22123731908497302,0,656.066650390625,41.433332443237305
95706,1764855294765.0,0.5424157069801083,0,656.3333129882812,37.33333206176758
95724,1764855295328.0,0.30475413124676715,0,695.3333129882812,130.3333282470703
95725,1764855295360.0,0.4671478638869568,0,692.3333129882812,130.6666717529297
95726,1764855295389.0,0.5057563224547823,0,690.3333129882812,130.3333282470703
95728,1764855295452.0,0.3823434181739759,0,685.6666259765625,131.3333282470703
95743,1764855295921.0,0.40086431558871766,0,657.3333129882812,174.3333282470703
95947,1764855302294.0,0.22669755330328029,0,662.6666666666666,34.33333206176758
95948,1764855302325.0,0.5519422453209095,0,662.3333129882812,33.33333206176758
95951,1764855302420.0,0.26272073088391373,0,626.6666870117188,103.66667175292967
95952,1764855302449.0,0.20440454645734524,0,627.0,99.66667175292967
95962,1764855302761.0,0.20470608286507097,0,628.3333129882812,71.66666412353516
96004,1764855304073.0,0.4234897285120382,0,1014.6666870117188,470.3333435058594
96008,1764855304200.0,0.2435508426175052,1,1052.333251953125,446.0
96034,1764855305012.25,0.20444753570432028,0,809.9999847412109,114.33333587646484
96035,1764855305044.0,0.49074174246585595,0,806.3333129882812,114.33333587646484
96055,1764855305668.0,0.398068633328273,0,768.0,176.3333282470703
96072,1764855306197.0,0.45899981882751817,0,759.3333740234375,116.66666412353516
96081,1764855306480.0,0.2052362796684418,0,754.6666870117188,123.33333587646484
96082,1764855306512.0,0.454065958972438,0,753.3333740234375,124.33333587646484
96083,1764855306542.5,0.26196056577498994,0,718.8333740234375,119.16666793823242
96084,1764855306573.0,0.5617201899299948,0,684.3333740234375,114.0
96085,1764855306605.0,0.26273088271207445,0,752.3333129882812,121.66666412353516
96086,1764855306637.0,0.20440454645734524,0,750.3333129882812,119.66667175292967
96117,1764855307605.0,0.5438802540999816,0,700.6666259765625,124.33333587646484
96139,1764855308292.0,0.5396200247196636,0,685.6666259765625,37.0
96224,1764855310946.3333,0.2189657175675034,0,655.7777913411459,118.8888880411784
96225,1764855310977.0,0.6680208881821564,0,653.6666870117188,123.0
96243,1764855311541.0,0.2045664053800948,0,648.3333740234375,79.0
96244,1764855311573.0,0.4935374247263006,0,647.3333129882812,79.0
96251,1764855311789.0,0.29219981716335025,0,643.6666870117188,79.66666412353516
96253,1764855311853.0,0.6356508713460182,0,646.3333129882812,106.66666412353516
96271,1764855312416.0,0.3460421453354547,0,632.3333129882812,82.33333587646484
96272,1764855312445.0,0.2098423177131032,0,631.0,81.33332824707031
96310,1764855313633.6667,0.2190627171370181,0,614.6944834391276,114.00000222524008
96311,1764855313665.0,0.6549553542959046,0,614.3333740234375,115.33333587646484
96324,1764855314069.0,0.46662998481607476,0,625.6666259765625,69.66666412353516
96369,1764855315477.0,0.2070844203018922,0,846.3333129882812,332.0
96370,1764855315508.0,0.5076719732268853,0,856.6666259765625,332.0
96408,1764855316693.0,0.20516876952978919,0,665.0,185.0
96409,1764855316725.0,0.5057563224547823,0,658.0,185.0
96417,1764855316977.0,0.541084571839537,0,612.6666870117188,198.6666717529297
96442,1764855317757.0,0.25023536880967046,0,569.6666870117188,136.33334350585938
96443,1764855317789.0,0.5720867447394291,1,569.3333740234375,136.33334350585938
96520,1764855320193.0,0.23710429872289027,0,716.3333129882812,136.33334350585938
96521,1764855320225.0,0.42921607410286816,0,695.3333129882812,85.66666412353516
96522,1764855320256.2,0.26215678451369606,0,700.3333129882812,96.6
96535,1764855320661.0,0.2222134010596744,0,724.5000305175781,156.3333282470703
96607,1764855322909.0,0.23313954658677272,0,686.6666259765625,450.6666564941406
96608,1764855322941.0,0.240572813815019,0,686.6666259765625,449.3333435058594
96616,1764855323193.0,0.4774795456484346,0,686.6666259765625,420.3333435058594
96653,1764855324349.0,0.46942566707651945,0,755.0,129.0
96668,1764855324817.0,0.22727938961843122,0,764.3333740234375,150.3333282470703
96835,1764855330033.0,0.37990155948646726,0,748.3333740234375,76.33333587646484
96836,1764855330064.111,0.20691526740937605,1,748.7037353515625,76.66666920979817
96871,1764855331157.0,0.21285964563402443,0,749.3333740234375,298.0
96881,1764855331469.0,0.5165030556590515,0,748.0,267.33331298828125
96907,1764855332281.0,0.22661235869164068,0,726.6666259765625,437.6666870117188
96942,1764855333377.0,0.40849448157727425,0,756.0,310.3333435058594
96955,1764855333781.0,0.5133864884433389,0,775.3333129882812,264.3333435058594
96981,1764855334593.0,0.4353830077606481,0,806.3333129882812,479.3333129882813
96987,1764855334781.0,0.20194818545385998,0,820.6666259765625,464.3333435058594
96988,1764855334813.0,0.5076719732268853,0,822.6666870117188,464.3333435058594
97008,1764855335437.0,0.42051919780053604,0,833.3333740234375,502.3333435058594
97010,1764855335501.0,0.5492836567886001,0,830.3333129882812,499.3333435058594
97021,1764855335845.0,0.5758805791951929,0,840.6666259765625,572.3333129882812
97028,1764855336061.0,0.5424157069801083,0,852.6666870117188,520.0
97029,1764855336093.0,0.2647856288367536,0,850.0,524.0
97033,1764855336218.0,0.5438802540999816,0,820.0,575.3333129882812
97044,1764855336561.0,0.4962297841139811,0,796.6666259765625,508.6666564941406
97048,1764855336686.0,0.42051919780053604,0,794.0,520.0
97057,1764855336969.0,0.5010642678420931,0,802.3333129882812,495.3333129882813
97068,1764855337313.0,0.2077938009372501,0,806.6666259765625,576.3333129882812
97069,1764855337341.0,0.24621613787226,0,806.6666259765625,576.3333129882812
97084,1764855337813.0,0.4962297841139811,0,817.0,505.3333129882813
97096,1764855338185.0,0.5001233977530637,0,814.6666870117188,570.0
97097,1764855338217.0,0.20507157738413576,0,815.1111246744791,564.1111043294271
97105,1764855338469.0,0.4962297841139811,0,820.0,526.3333740234375
97119,1764855338905.0,0.5388088558278512,0,819.3333740234375,570.0
97123,1764855339029.0,0.213072717289238,0,820.0,546.0
97163,1764855340277.7805,0.22545034675351724,0,818.6992068407012,553.1544516958842
97164,1764855340309.0,0.6603681742821512,0,818.6666870117188,553.3333129882812
97188,1764855341061.0,0.20516876952978919,0,826.6666870117188,332.0
97189,1764855341093.0,0.508552004715227,0,824.6666870117188,332.0
97197,1764855341341.0,0.21209776775901162,0,807.3333129882812,369.3333129882813
97198,1764855341373.0,0.6583572561132199,0,804.6666870117188,376.3333129882813
97227,1764855342277.0,0.47323769020086703,0,611.6666870117188,141.0
97229,1764855342341.0,0.3781472735771627,0,617.0,141.3333282470703
97231,1764855342405.0,0.3249280083646341,0,624.0,142.3333282470703
97249,1764855342965.0,0.2536318643162768,0,690.3333129882812,208.3333282470703
97257,1764855343217.0,0.2063631864764233,0,712.3333129882812,200.00001525878903
97258,1764855343245.0,0.4954530754984036,0,716.0,200.00001525878903
97292,1764855344309.0,0.5495347503704656,0,780.3333129882812,236.3333435058593
97296,1764855344433.0,0.20710070288592672,0,780.3333129882812,246.3333282470703
97297,1764855344466.0,0.42459146534858316,0,780.6666259765625,248.3333282470703
97302,1764855344621.0,0.3489642599079404,0,784.3333740234375,237.3333282470703
97314,1764855344997.0,0.30807777444684736,0,790.6666259765625,248.3333282470703
97315,1764855345029.0,0.2204612238954853,0,790.6666259765625,247.3333435058593
97278,1764855343873.0,0.5972791389721182,0,803.3333740234375,567.3333129882812
97342,1764855345870.0,0.45899981882751817,0,834.0,332.6666564941406
97354,1764855346245.0,0.6583572561132199,1,806.0,378.6666870117188
97371,1764855346777.0,0.20516876952978919,0,666.3333129882812,196.3333435058593
97372,1764855346809.0,0.5057563224547823,0,662.3333129882812,196.3333435058593
97374,1764855346870.0,0.541084571839537,0,655.3333129882812,198.3333282470703
97389,1764855347338.0,0.22109410813167674,1,634.3333740234375,135.6666717529297
97390,1764855347370.0,0.4746943126028977,0,638.3333129882812,135.3333282470703
97391,1764855347401.0,0.3545533949982636,0,642.3333129882812,136.0
97392,1764855347433.0,0.492657393237959,0,646.3333129882812,135.3333282470703
97434,1764855348746.0,0.2281052688934648,0,636.73330078125,109.13333587646484
97435,1764855348777.0,0.5617201899299948,0,633.6666259765625,107.33333587646484
97450,1764855349245.5557,0.23136582640584571,0,663.1851535373264,130.9259295993381
97451,1764855349277.0,0.4398236807504225,0,660.6666259765625,131.6666717529297
97452,1764855349306.0,0.2639305046946231,0,700.3333129882812,124.0
97453,1764855349338.0,0.5332588503147686,0,701.3333129882812,124.0
97763,1764855359022.0,0.40086431558871766,0,732.6666870117188,378.6666870117188
97775,1764855359397.0,0.20516876952978919,0,718.3333740234375,338.0
97776,1764855359429.0,0.5057563224547823,0,716.6666259765625,338.0
97798,1764855360114.0,0.2751783036415242,0,674.6666870117188,510.3333435058594
97805,1764855360334.0,0.20516876952978919,0,661.3333129882812,496.3333435058594
97806,1764855360366.0,0.49074174246585595,0,658.6666870117188,496.3333435058594
97828,1764855361053.0,0.45899981882751817,0,625.0,487.3333435058594
97841,1764855361458.0,0.5438802540999816,0,630.0,582.3333129882812
97848,1764855361678.0,0.5424157069801083,0,632.3333129882812,531.3333129882812
97876,1764855362553.0,0.270994673241821,0,615.3333129882812,496.3333435058594
97877,1764855362583.8333,0.23376172185047822,0,616.2221984863281,496.6666717529297
97892,1764855363053.0,0.6155616243046184,0,630.6666259765625,575.3333129882812
97905,1764855363458.0,0.5038599501025377,0,633.3333129882812,511.3333129882813
97916,1764855363801.0,0.6127659420441738,0,636.0,568.0
97926,1764855364114.0,0.20470608286507097,0,636.0,518.6666259765625
97939,1764855364521.0,0.502803524467212,0,636.0,570.3333129882812
97972,1764855365550.0,0.27308736135996275,0,636.0,494.6666870117188
97973,1764855365582.0,0.5396200247196636,0,636.0,494.6666870117188
97986,1764855365989.0,0.2407597810287457,0,620.6666259765625,551.3333129882812
97987,1764855366018.0,0.2512080771050625,0,624.0,551.3333129882812
98011,1764855366769.0,0.21366672079170448,0,609.3333740234375,332.6666564941406
98012,1764855366801.0,0.5057563224547823,0,608.0,332.6666564941406
98021,1764855367081.0,0.28415473804130115,0,592.3333129882812,371.3333435058594
98022,1764855367114.0,0.2997666556380931,0,597.6666870117188,370.3333129882813
98038,1764855367613.0,0.2543634773023811,0,762.3333129882812,206.3333282470703
98039,1764855367645.0,0.3536723113240113,0,764.0,206.6666717529297
98059,1764855368270.0,0.5589245076695502,0,782.3333129882812,124.33333587646484
98060,1764855368301.0,0.21516178286866688,0,786.3333129882812,125.33332824707033
98134,1764855370610.0,0.23313954658677272,0,690.0,134.3333282470703
98178,1764855371986.75,0.23071817512058773,0,655.2708168029785,82.08333587646484
98179,1764855372018.0,0.5424157069801083,0,655.3333129882812,79.33333587646484
98195,1764855372518.0,0.24255935687883418,0,629.3333740234375,124.33333587646484
98397,1764855378826.0,0.4934341018535365,0,929.6666870117188,663.3333129882812
98405,1764855379078.0,0.49532378393595433,0,845.6666259765625,697.0
98406,1764855379110.0,0.2460196188359561,0,839.3333740234375,693.3333740234375
98414,1764855379358.0,0.5008190110985797,0,817.0,607.3333129882812
98420,1764855379546.0,0.5639695011413814,0,789.3333740234375,682.3333129882812
98492,1764855381794.0,0.5487147378280935,0,810.6666259765625,578.0
98499,1764855382014.0,0.22123731908497302,0,820.8333129882812,525.3333129882812
98500,1764855382046.0,0.5424157069801083,0,821.6666259765625,520.3333129882812
98506,1764855382230.0,0.46992316788365907,0,786.0,570.3333129882812
98526,1764855382854.842,0.2351955045651956,0,782.6666870117188,522.0175235145971
98527,1764855382886.0,0.5396200247196636,0,782.6666870117188,520.3333129882812
98532,1764855383046.0,0.6155616243046184,0,778.3333740234375,567.3333129882812
98533,1764855383074.0,0.20145633126900106,0,778.3333740234375,559.3333129882812
98549,1764855383574.0,0.5652187949309373,0,782.3333129882812,526.3333740234375
98554,1764855383730.0,0.49325544794457193,0,778.6666870117188,567.3333129882812
98555,1764855383762.0,0.21873763445839192,0,778.6666870117188,564.3333740234375
98587,1764855384762.0,0.5241332216476081,0,787.3333129882812,499.6666564941406
98597,1764855385074.7273,0.22188497037023097,0,792.1818348277699,547.5454351251776
98598,1764855385106.0,0.6320704249940602,0,792.6666870117188,552.3333129882812
98622,1764855385854.0,0.20516876952978919,0,798.0,326.6666564941406
98623,1764855385886.0,0.5057563224547823,0,796.0,326.6666564941406
98631,1764855386138.0,0.21209776775901162,0,776.6666259765625,360.3333129882813
98632,1764855386166.0,0.6583572561132199,0,774.0,368.6666564941406
98646,1764855386606.0,0.2799553111684545,0,622.0,224.3333282470703
98647,1764855386638.0,0.5588101951294013,0,622.3333129882812,224.3333282470703
98708,1764855388542.0,0.6224295741131102,0,788.0,574.3333740234375
98749,1764855389822.7568,0.21783809138576732,0,808.9279686180321,545.1081476984797
98750,1764855389854.0,0.6575724920217066,0,809.3333740234375,545.3333740234375
98774,1764855390603.0,0.20444753570432028,0,798.3333282470703,330.0
98775,1764855390634.0,0.49074174246585595,0,796.0,330.0
98784,1764855390918.0,0.6583572561132199,1,770.6666259765625,377.9999694824219
98800,1764855391414.0,0.508552004715227,0,664.6666870117188,202.0
98815,1764855391886.0,0.4962297841139811,1,637.6666870117188,136.33334350585938
98901,1764855394570.0,0.5161821707037835,0,625.0,178.3333282470703
98909,1764855394822.0,0.4056987993168296,0,630.3333129882812,186.3333435058593
98923,1764855395258.0,0.26651734379721315,0,635.3333129882812,137.66665649414062
98929,1764855395446.0,0.2525288860430621,0,648.3333740234375,140.6666717529297
98930,1764855395478.0,0.6776617390631064,0,652.6666870117188,143.3333282470703
99026,1764855398474.0,0.5739649284230899,0,546.3333740234375,179.3333282470703
99111,1764855401130.0,0.398068633328273,0,447.0,342.3333435058594
99123,1764855401507.0,0.5057563224547823,0,416.3333435058594,303.3333435058594
99148,1764855402286.0,0.4177235155400914,0,384.0,508.0
99153,1764855402443.0,0.20516876952978919,0,363.3333129882813,500.3333435058594
99154,1764855402474.0,0.5057563224547823,0,360.3333129882813,500.3333435058594
99166,1764855402850.0,0.6155616243046184,0,316.6666564941406,556.3333129882812
99230,1764855404847.0,0.39286180029614515,0,691.3333129882812,127.0
99238,1764855405098.0,0.3722713934979106,0,677.6666870117188,75.33333587646484
99452,1764855411783.0,0.5464879745281555,0,620.6666259765625,238.3333282470703
99481,1764855412690.0,0.42051919780053604,0,577.0,278.33331298828125
99522,1764855413970.0,0.23758612492907952,0,583.0,333.66668701171875
99523,1764855414002.0,0.5617201899299948,0,581.6666870117188,331.3333435058594
99530,1764855414219.0,0.5515104200885381,0,602.3333129882812,380.3333435058594
99542,1764855414595.0,0.46179550108796286,0,612.3333129882812,322.3333435058594
99563,1764855415250.5,0.20444753570432028,0,605.3333129882812,339.3333435058594
99564,1764855415282.0,0.49074174246585595,0,603.3333129882812,339.3333435058594
99579,1764855415750.0,0.398068633328273,0,578.3333129882812,460.3333129882813
99586,1764855415970.0,0.24030834848219387,0,570.3333129882812,429.6666564941406
99587,1764855415998.0,0.5492836567886001,0,569.3333740234375,427.6666870117188
99594,1764855416219.0,0.5438802540999816,0,586.3333740234375,479.3333129882813
99607,1764855416626.0,0.5084491770871364,0,590.3333129882812,412.3333435058594
99619,1764855416999.0,0.36892035719164556,0,600.3333129882812,510.6666870117188
99620,1764855417031.0,0.2061677294540415,0,600.3333129882812,507.3333129882813
99628,1764855417282.0,0.20022875342046312,0,597.3333129882812,462.3333129882813
99629,1764855417313.111,0.2033057232381269,0,597.2592434353298,462.77775743272576
99645,1764855417811.0,0.5642094718801465,0,598.3333129882812,549.6666870117188
99653,1764855418063.0,0.46179550108796286,0,589.3333740234375,501.6666870117188
99664,1764855418407.0,0.24229640325211238,0,579.3333740234375,520.3333129882812
99682,1764855418967.0,0.5464879745281555,0,576.3333740234375,487.3333435058594
99696,1764855419406.0,0.6155616243046184,0,594.6666870117188,572.6666870117188
99708,1764855419779.0,0.2754779817238467,0,594.3333740234375,511.3333129882813
99709,1764855419811.0,0.5010642678420931,0,596.0,511.3333129882813
99719,1764855420123.0,0.6155616243046184,0,606.6666870117188,570.6666870117188
99731,1764855420499.0,0.5267316624196365,0,608.3333129882812,524.6666259765625
99740,1764855420779.0,0.4904597656841273,0,608.0,572.6666870117188
99754,1764855421218.0,0.471322039428764,0,595.3333129882812,541.6666870117188
99757,1764855421311.0,0.3460421453354547,0,589.6666870117188,542.3333740234375
99766,1764855421591.0,0.5424157069801083,0,592.3333129882812,510.3333435058594
99767,1764855421622.3845,0.22689377204198644,0,591.7948514498197,512.4871873121995
99782,1764855422091.0,0.2407597810287457,0,580.0,553.0
99783,1764855422123.0,0.2541753415690468,0,582.3333129882812,553.0
99784,1764855422155.0,0.22103703441912487,0,588.3333129882812,550.3333129882812
99808,1764855422903.0,0.4934341018535365,0,594.0,323.33331298828125
99818,1764855423215.0,0.611811704118124,0,592.0,364.3333435058594
99819,1764855423247.0,0.2997666556380931,0,604.0,360.3333129882813
99830,1764855423591.0,0.49814543488608415,0,774.3333740234375,228.6666717529297
99896,1764855425654.0,0.6155616243046184,0,594.3333740234375,566.3333129882812
99915,1764855426247.0,0.23075004608489638,0,583.3333129882812,507.3333129882813
99916,1764855426279.0,0.5424157069801083,0,584.0,505.0
99933,1764855426807.0,0.23147514373183714,0,561.0,552.3333129882812
99934,1764855426838.0,0.43702799848997786,0,563.0,553.3333129882812
99959,1764855427623.0,0.45899981882751817,0,546.0,332.0
99960,1764855427650.0,0.2053649882684953,0,544.3333740234375,332.3333435058594
99985,1764855428434.0,0.2070844203018922,0,746.6666259765625,208.3333282470703
99986,1764855428463.0,0.5076719732268853,0,749.3333740234375,208.3333282470703
99989,1764855428559.0,0.4056987993168296,0,756.0,212.0
100015,1764855429371.0,0.38079060197097864,0,777.0,123.33333587646484
100054,1764855430587.0,0.35951070159343557,0,872.0,388.6666870117188
100057,1764855430683.0,0.5076719732268853,0,886.6666259765625,386.0
100059,1764855430743.0,0.3781472735771627,0,898.0,386.3333129882813
100095,1764855431871.0,0.4934341018535365,0,777.3333129882812,169.0
100099,1764855431995.0,0.3460421453354547,0,768.3333740234375,172.6666717529297
100115,1764855432495.0,0.36311453683257094,0,749.6666870117188,121.33332824707033
100128,1764855432899.0,0.6583572561132199,0,739.6666870117188,123.33333587646484
100132,1764855433023.8,0.20697713741958246,0,723.6666870117188,75.06666717529296
100133,1764855433055.0,0.523935980159192,0,719.6666870117188,63.0
100134,1764855433087.0,0.25865267101365463,0,684.0,114.33333587646484
100135,1764855433118.3333,0.2282213924787954,0,690.1666666666666,105.77777989705405
100139,1764855433243.6667,0.22123731908497302,0,714.8333333333334,71.55555597941081
100140,1764855433275.0,0.5424157069801083,0,721.0,63.0
100165,1764855434055.8,0.20444753570432028,0,736.466650390625,117.66666412353516
100166,1764855434087.0,0.5652187949309373,0,736.3333129882812,117.66666412353516
100171,1764855434243.0,0.2906360968410322,0,736.3333129882812,122.33333587646484
100298,1764855438211.0,0.21779204045489103,0,709.3333740234375,95.33333587646484
100309,1764855438555.0,0.2063631864764233,0,735.0000203450521,81.0
100310,1764855438587.0,0.492657393237959,0,737.6666870117188,81.0
100349,1764855439803.0,0.40849448157727425,0,843.3333740234375,221.3333282470703
100362,1764855440211.0,0.4934341018535365,0,852.6666870117188,173.33334350585938
100469,1764855443551.753,0.2001234357514435,0,840.0784308938419,275.7098038617302
100470,1764855443583.0,0.4177235155400914,0,840.0,276.0
100476,1764855443771.0,0.5057563224547823,0,834.3333740234375,272.3333435058594
100501,1764855444551.6155,0.2069913855599353,0,815.1794715294471,368.56410334660455
100502,1764855444583.0,0.47661795334140156,0,815.3333129882812,370.0
100514,1764855444959.0,0.4962297841139811,0,828.0,310.3333435058594
100554,1764855446207.0,0.25619354298878166,0,802.0,438.3333435058594
100555,1764855446239.0,0.2073779830893453,0,801.3333129882812,435.3333435058594
100561,1764855446427.0,0.24717629829068566,0,800.3333129882812,406.6666564941406
100562,1764855446459.0,0.5492836567886001,0,800.3333129882812,404.0
100569,1764855446675.0,0.5487147378280935,0,810.6666259765625,457.3333435058594
100578,1764855446959.0,0.4007547344876421,0,822.3333129882812,405.3333129882813
100579,1764855446990.1765,0.23091439385929388,0,821.5195886948529,406.0686071059284
100624,1764855448395.0,0.40086431558871766,0,752.6666870117188,570.6666870117188
100631,1764855448611.0,0.23758612492907952,0,746.3333129882812,536.0
100632,1764855448643.0,0.5617201899299948,0,744.6666870117188,532.6666870117188
100638,1764855448831.0,0.5430002226116399,0,766.6666259765625,598.3333129882812
100662,1764855449583.0,0.5720867447394291,0,774.3333740234375,524.6666259765625
100666,1764855449707.0,0.23628245158413783,0,778.0,527.3333129882812
100667,1764855449739.0,0.20081484128274915,0,780.6666259765625,527.3333129882812
100674,1764855449955.0,0.2037861006150591,0,802.0,512.0
100675,1764855449987.0,0.5712467282707959,0,803.0,511.3333129882813
100686,1764855450331.0,0.5430002226116399,0,843.3333740234375,582.3333129882812
100691,1764855450487.0,0.23071817512058773,0,854.0000305175781,546.9999694824219
100692,1764855450519.0,0.5424157069801083,0,854.6666870117188,543.3333129882812
100697,1764855450675.0,0.46992316788365907,0,816.3333129882812,585.3333129882812
100725,1764855451547.7407,0.23071817512058773,0,806.6296115451389,532.0247101960359
100726,1764855451579.0,0.5396200247196636,0,806.3333129882812,530.6666870117188
100730,1764855451707.0,0.2190605645157257,0,801.3333129882812,570.6666870117188
100731,1764855451735.0,0.2393481880637682,0,800.6666259765625,570.0
100747,1764855452235.923,0.22669755330328029,0,806.025620680589,536.6922889122596
100748,1764855452267.0,0.5547379275813541,0,806.3333129882812,536.3333129882812
100754,1764855452455.0,0.40443591777954185,0,804.3333740234375,563.0
100794,1764855453703.0,0.22069092486302144,0,808.0,555.3333740234375
100818,1764855454455.0,0.20516876952978919,0,822.8333435058594,332.0
100819,1764855454487.0,0.5057563224547823,0,821.3333129882812,332.0
100827,1764855454735.0,0.21209776775901162,0,806.0,366.6666870117188
100828,1764855454767.0,0.6583572561132199,1,804.0,375.3333435058594
100845,1764855455299.0,0.3383215322395613,0,625.3333129882812,193.3333282470703
100868,1764855456015.0,0.5057563224547823,1,578.3333129882812,132.6666717529297
100898,1764855456952.0,0.2268096001800568,0,576.3333740234375,356.3333435058594
100903,1764855457111.0,0.26421594684382366,0,584.3333740234375,342.3333435058594
100929,1764855457923.0,0.2070844203018922,0,703.3333740234375,144.0
100930,1764855457952.0,0.5076719732268853,0,706.0,144.0
100932,1764855458015.0,0.3838617887936163,0,710.3333129882812,144.33334350585938
100948,1764855458515.0,0.3564679935844559,0,735.3333129882812,181.66665649414065
100967,1764855459108.0,0.25023536880967046,0,749.8332977294922,144.33334350585938
100968,1764855459139.0,0.5817275956203791,1,750.6666259765625,144.33334350585938
101047,1764855461607.0,0.5057563224547823,0,747.3333129882812,87.66666412353516
101172,1764855465512.0,0.4794136356018462,0,781.3333129882812,149.66665649414062
101187,1764855465980.0,0.213072717289238,0,786.3333129882812,83.0
101328,1764855470384.7605,0.2001234357514435,0,759.1924881196358,95.24648139846155
101329,1764855470416.0,0.42051919780053604,0,759.0,95.33333587646484
101339,1764855470728.0,0.5424157069801083,0,762.3333129882812,71.66666412353516
101340,1764855470759.3333,0.20377680298137427,0,762.5555369059244,72.83333079020183
101373,1764855471792.0,0.20710070288592672,0,757.3333129882812,299.33331298828125
101374,1764855471823.0,0.4794136356018462,0,757.3333129882812,302.3333435058594
101385,1764855472167.0,0.4962297841139811,0,762.6666870117188,264.3333435058594
101409,1764855472916.0,0.398068633328273,0,759.3333740234375,412.3333435058594
101417,1764855473167.0,0.4962297841139811,0,752.3333129882812,389.3333129882813
101454,1764855474323.0,0.20516876952978919,0,707.3333129882812,441.9999694824219
101455,1764855474352.0,0.5057563224547823,0,702.6666870117188,441.9999694824219
101470,1764855474820.0,0.541084571839537,0,636.3333740234375,572.0
101479,1764855475104.0,0.5492836567886001,0,614.6666870117188,527.3333129882812
101485,1764855475291.0,0.2110066859438106,0,636.0,594.6666870117188
101486,1764855475320.0,0.2080584707554664,0,638.0,594.0
101507,1764855475976.0,0.20918939134709663,0,637.3333129882812,514.0
101508,1764855476008.0,0.5057563224547823,0,636.0,514.0
101521,1764855476416.0,0.5998775797441467,0,636.0,657.3333129882812
101528,1764855476632.0,0.5492836567886001,0,635.3333129882812,613.3333740234375
101529,1764855476664.0,0.2429504494801265,0,636.6666870117188,616.6666870117188
101533,1764855476788.0,0.6611529383736646,0,642.3333129882812,641.3333129882812
101543,1764855477103.0,0.21386293953041063,0,636.6666870117188,538.6666870117188
101544,1764855477132.0,0.2732835800986689,0,638.3333129882812,539.3333740234375
101549,1764855477287.0,0.25171621354417384,0,625.0,549.6666870117188
101562,1764855477696.0,0.5010642678420931,0,626.3333740234375,506.3333435058594
101572,1764855478008.0,0.4725456857933544,0,636.6666870117188,571.3333740234375
101587,1764855478476.6667,0.21207770169287687,0,639.3333333333334,519.3333740234375
101588,1764855478508.0,0.5011675907148572,0,640.0,519.3333740234375
101595,1764855478727.0,0.541084571839537,0,643.3333740234375,570.6666870117188
101609,1764855479164.7778,0.22669755330328029,0,640.4444444444445,533.5555352105034
101610,1764855479196.0,0.5519422453209095,0,640.0,533.3333129882812
101703,1764855482099.0,0.213072717289238,0,764.3333740234375,134.3333282470703
101773,1764855484288.7185,0.2069913855599353,0,744.9436826034331,145.8356806795362
101774,1764855484320.0,0.4794136356018462,0,744.6666870117188,146.0
101781,1764855484536.0,0.46179550108796286,0,752.0,122.66666412353516
101796,1764855485004.0,0.21638534018283528,0,756.3333129882812,146.3333282470703
101797,1764855485036.0,0.24296343417890293,0,756.6666259765625,146.3333282470703
101818,1764855485692.0,0.2707984545031149,0,717.6666870117188,63.66666793823242
101819,1764855485724.0,0.5617201899299948,0,717.6666870117188,63.66666793823242
102001,1764855491408.0,0.23539172330390173,0,721.0,63.16666603088379
102020,1764855492001.1428,0.24336741900117867,0,690.4761701311384,122.66666412353516
102021,1764855492032.0,0.5624231126704927,0,690.3333129882812,122.66666412353516
102027,1764855492220.5715,0.23136582640584571,0,664.6190272739956,130.95238930838448
102028,1764855492252.0,0.49185016874324083,0,660.3333129882812,132.33334350585938
102030,1764855492316.0,0.35240660135682644,0,705.0,120.33333587646484
102056,1764855493128.0,0.3686675582587753,0,754.6666870117188,327.3333435058594
102063,1764855493344.0,0.5076719732268853,0,770.3333129882812,316.0
102093,1764855494284.0,0.5515104200885381,1,856.0,552.6666870117188
102105,1764855494656.0,0.4934341018535365,0,861.3333129882812,481.3333435058594
102137,1764855495656.0,0.43855998387466066,0,804.0,503.3333435058594
102138,1764855495688.0,0.28409011178664,0,804.6666870117188,504.0
102148,1764855496000.0,0.5487147378280935,0,822.0,580.6666870117188
102155,1764855496220.0,0.23071817512058773,0,829.4166412353516,533.2499847412109
102156,1764855496252.0,0.5424157069801083,0,830.3333129882812,528.3333129882812
102161,1764855496408.0,0.4725456857933544,0,799.3333740234375,580.3333129882812
102187,1764855497220.7693,0.22669755330328029,0,806.0640845665565,548.2563922588641
102188,1764855497252.0,0.5547379275813541,0,806.3333129882812,547.3333129882812
102190,1764855497312.0,0.20023275307743493,0,804.0,566.6666259765625
102191,1764855497344.0,0.4177235155400914,0,804.3333740234375,570.6666870117188
102253,1764855499280.0,0.2601953250265162,1,818.6666870117188,546.0
102276,1764855500000.0,0.5057563224547823,0,815.3333129882812,336.6666564941406
102284,1764855500248.0,0.21209776775901162,0,796.6666259765625,368.6666564941406
102285,1764855500280.0,0.6583572561132199,1,794.0,376.0
102286,1764855500312.0,0.21037038400777847,0,780.6666259765625,358.3333435058594
102326,1764855501560.0,0.5133864884433389,0,633.3333129882812,119.66667175292967
102367,1764855502840.0,0.2070844203018922,0,758.6666870117188,409.3333435058594
102368,1764855502872.0,0.5076719732268853,0,763.3333740234375,409.3333435058594
102398,1764855503812.0,0.46179550108796286,0,761.3333129882812,181.3333435058593
102404,1764855503996.0,0.3488378275958993,0,758.0,184.3333282470703
102473,1764855506152.0,0.3460421453354547,0,553.0,406.3333435058594
102479,1764855506340.0,0.20516876952978919,0,522.3333129882812,394.3333435058594
102480,1764855506372.0,0.5057563224547823,0,517.3333129882812,394.3333435058594
102514,1764855507433.0,0.5076719732268853,0,745.3333129882812,154.3333282470703
102515,1764855507464.0,0.20728063904059835,0,750.3333129882812,154.6666717529297
102524,1764855507748.0,0.40849448157727425,0,780.3333129882812,171.3333282470703
102557,1764855508777.0,0.20444753570432028,0,766.3333129882812,84.33333587646484
102558,1764855508808.0,0.49074174246585595,0,763.3333740234375,84.33333587646484
102595,1764855509964.0,0.4215740777399352,0,537.3333129882812,453.6666870117188
102605,1764855510276.0,0.5057563224547823,0,481.3333435058594,422.3333435058594
102679,1764855512588.0,0.46179550108796286,0,783.3333740234375,88.33333587646484
102715,1764855513713.0,0.3757883070001373,0,770.6666259765625,412.6666564941406
102724,1764855513993.0,0.3722713934979106,0,770.6666259765625,376.3333129882813
102752,1764855514868.0,0.5057563224547823,0,725.3333129882812,438.3333435058594
102769,1764855515400.0,0.3460421453354547,0,666.3333129882812,483.6666564941406
102777,1764855515649.0,0.4962297841139811,0,644.6666870117188,471.3333435058594
102792,1764855516117.0,0.5438802540999816,0,654.6666870117188,566.6666259765625
102799,1764855516336.0,0.23071817512058773,0,653.6666870117188,527.5
102800,1764855516368.0,0.5519422453209095,0,652.6666870117188,526.6666870117188
102804,1764855516493.0,0.3695475897471169,0,632.0,574.3333740234375
102840,1764855517617.0,0.5438802540999816,0,630.6666259765625,578.0
102854,1764855518056.0,0.22032984384958348,0,636.0,512.3333129882812
102855,1764855518085.0,0.5464879745281555,0,636.6666870117188,511.6666564941406
102864,1764855518368.0,0.6155616243046184,0,642.3333129882812,574.0
102870,1764855518556.0,0.2639305046946231,0,640.0,536.3333129882812
102871,1764855518585.0,0.5036146933590244,0,638.3333129882812,536.3333129882812
102875,1764855518712.0,0.3460421453354547,0,634.3333740234375,540.3333129882812
102888,1764855519116.0,0.2351955045651956,0,632.6666870117188,502.3333435058594
102889,1764855519148.0,0.5396200247196636,0,632.6666870117188,500.3333435058594
102902,1764855519556.0,0.2407597810287457,0,618.3333129882812,551.3333129882812
102903,1764855519585.0,0.25712355675739096,0,620.0,551.3333129882812
102927,1764855520336.0,0.4934341018535365,0,612.6666870117188,348.6666564941406
102936,1764855520616.0,0.6776617390631064,1,604.0,376.0
102979,1764855521960.0,0.20516876952978919,0,757.6666870117188,126.33332824707033
102980,1764855521992.0,0.5057563224547823,1,756.0,126.33332824707033
103134,1764855526801.0,0.2751783036415242,0,560.3333129882812,393.9999694824219
103142,1764855527052.0,0.20003253468175697,0,544.3333740234375,371.3333435058594
103143,1764855527084.0,0.5057563224547823,0,542.3333129882812,371.3333435058594
103160,1764855527613.0,0.2433401584134138,0,504.3333435058594,502.6666564941406
103161,1764855527645.0,0.680457421323551,1,502.3333435058594,520.0
103189,1764855528520.0,0.2070844203018922,0,700.3333129882812,168.3333282470703
103190,1764855528552.0,0.5076719732268853,0,702.6666870117188,168.3333282470703
103202,1764855528925.0,0.3564679935844559,0,728.0,190.3333282470703
103221,1764855529521.0,0.5161821707037835,1,752.0,144.33334350585938
103301,1764855532017.0,0.49074174246585595,0,682.3333129882812,170.3333282470703
103305,1764855532144.0,0.3460421453354547,0,672.3333129882812,173.6666717529297
103324,1764855532737.0,0.5464879745281555,1,673.0,128.33334350585938
103355,1764855533705.0,0.37438207347522884,0,704.3333740234375,381.6666564941406
103359,1764855533829.0,0.3536437871286722,0,708.3333740234375,372.6666870117188
103370,1764855534173.0,0.6776617390631064,1,718.6666870117188,398.3333129882813
103387,1764855534705.0,0.46942566707651945,0,760.0,168.3333282470703
103397,1764855535017.0,0.4056987993168296,0,768.3333740234375,175.3333282470703
103429,1764855536017.0,0.2686100319153549,0,777.0,89.33332824707031
103430,1764855536049.0,0.5547379275813541,1,777.3333129882812,89.33332824707031
103460,1764855536985.0,0.6352402870526079,0,742.3333129882812,264.0
103479,1764855537576.0,0.20516876952978919,0,620.6666259765625,165.33334350585938
103480,1764855537609.0,0.5057563224547823,0,617.3333129882812,165.33334350585938
103491,1764855537953.0,0.3460421453354547,0,584.3333740234375,182.3333282470703
103541,1764855539517.0,0.5064257870263277,1,537.6666870117188,93.66666412353516
103555,1764855539953.0,0.26160088620199884,0,542.3333129882812,250.66665649414065
103556,1764855539985.0,0.2161611233033726,0,545.3333129882812,248.3333282470703
103565,1764855540265.0,0.21279893551834578,0,566.3333740234375,221.3333282470703
103566,1764855540297.0,0.5076719732268853,0,568.3333129882812,220.6666717529297
103579,1764855540701.0,0.5438802540999816,0,590.3333129882812,259.33331298828125
103586,1764855540921.0,0.5424157069801083,0,590.3333129882812,218.0
103587,1764855540952.4285,0.20377680298137427,0,590.3809291294643,219.19047764369407
103601,1764855541389.0,0.20971360911304965,0,592.3333129882812,258.6666564941406
103602,1764855541421.0,0.42051919780053604,0,593.0,260.3333435058594
103605,1764855541513.0,0.3897502171479022,0,592.3333129882812,250.3333282470703
103606,1764855541544.3333,0.2077974247986817,0,592.2222018771702,251.05555131700305
103657,1764855543141.0,0.51046765548733,0,909.3333740234376,538.3333129882812
103658,1764855543169.0,0.20728063904059835,0,911.3333129882812,538.6666870117188
103694,1764855544297.0,0.20022875342046312,0,758.3333740234375,96.33332824707033
103717,1764855545013.0,0.3326991851123198,0,690.6666259765625,150.3333282470703
103722,1764855545169.0,0.5416045380882959,0,705.3333129882812,184.3333282470703
103727,1764855545325.0,0.5617201899299948,0,660.3333129882812,131.6666717529297
103728,1764855545357.0,0.26215678451369606,0,680.3333129882812,140.66666412353516
103734,1764855545545.0,0.3488378275958993,0,712.3333129882812,162.0
103741,1764855545765.0,0.4962297841139811,0,680.3333129882812,149.0
103747,1764855545949.0,0.3488378275958993,0,670.6666259765625,162.3333282470703
103756,1764855546233.0,0.20022875342046312,0,666.3333129882812,140.33334350585938
103770,1764855546669.0,0.3488378275958993,0,659.3333740234375,149.3333282470703
103777,1764855546889.0,0.369475711237466,0,657.3333129882812,135.3333282470703
103789,1764855547261.0,0.364521872156371,0,654.3333740234375,140.33334350585938
103791,1764855547325.0,0.2143264209062346,0,653.6666870117188,136.33334350585938
103801,1764855547637.0,0.27308736135996275,0,673.0,64.33333587646484
103802,1764855547669.0,0.5519422453209095,0,673.0,64.33333587646484
103813,1764855548013.6667,0.21783809138576732,0,653.1388702392578,122.08333587646484
103814,1764855548045.0,0.680457421323551,0,651.3333129882812,127.33333587646484
103827,1764855548449.6667,0.2433401584134138,0,654.888905843099,113.6666711171468
103828,1764855548481.0,0.680457421323551,0,649.6666870117188,123.66667175292967
103830,1764855548545.0,0.21755004673384584,0,679.6666870117188,63.66666793823242
103831,1764855548576.111,0.22143353782367917,0,678.4074254918982,64.69135934335215
103862,1764855549541.0,0.5630894696530397,0,673.0,95.0
103864,1764855549605.0,0.5079814239540901,0,691.6666259765625,61.66666793823242
103865,1764855549636.2,0.23091439385929388,0,683.1999755859375,67.66666870117187
103869,1764855549761.0,0.23313954658677272,0,649.3333740234375,91.66667175292967
103870,1764855549793.0,0.23564693711174742,0,649.3333740234375,91.00000381469728
103875,1764855549949.0,0.4316920340661689,0,679.0,85.66666412353516
103876,1764855549980.2727,0.22689377204198644,0,676.0303011807529,85.96969465775923
103886,1764855550293.0,0.41815788036967283,0,646.3333129882812,89.0
103887,1764855550325.0,0.21755004673384584,0,641.0,73.33333587646484
103929,1764855551637.0,0.42051919780053604,0,657.3333129882812,95.66667175292967
103956,1764855552481.0,0.5616058773898459,0,641.0,73.0
103957,1764855552512.0908,0.23376172185047822,0,642.6969715465199,73.57575746016069
103978,1764855553165.0,0.2892062968871517,0,678.3333740234375,85.66666412353516
103979,1764855553196.3333,0.20317694427958868,0,676.7917048136393,85.56944179534912
104002,1764855553917.0,0.4549289661584751,0,641.3333129882812,83.33332824707031
104020,1764855554477.842,0.2022258349395602,0,638.4912077251233,84.28070389597039
104021,1764855554509.0,0.4682165639190247,0,638.3333129882812,84.33333587646484
104022,1764855554541.0,0.26926295828136143,0,639.0,83.33332824707031
104023,1764855554572.25,0.22689377204198644,0,638.9479160308838,83.45832824707031
104123,1764855557697.6316,0.2005022455024668,0,633.7894351356908,92.28069706967004
104124,1764855557729.0,0.5403322989532429,0,633.6666259765625,92.33332824707033
104126,1764855557789.0,0.2173538279951397,0,634.3333740234375,75.66666412353516
104127,1764855557821.0,0.5519422453209095,0,634.3333740234375,75.66666412353516
104279,1764855562570.0,0.20444753570432028,0,536.1666412353516,153.0
104280,1764855562601.0,0.49074174246585595,0,535.3333129882812,153.0
104401,1764855566381.0,0.4521332838980304,0,467.0,179.6666717529297
104404,1764855566474.0,0.49074174246585595,0,462.3333435058594,179.3333282470703
104664,1764855574597.0,0.5079814239540901,0,656.3333129882812,105.33332824707033
104665,1764855574628.1482,0.22689377204198644,0,655.2962759512442,105.97530364990236
104690,1764855575406.8518,0.2069913855599353,0,629.3703500253183,122.02468872070312
104691,1764855575438.0,0.4398236807504225,0,628.3333129882812,122.66666412353516
104695,1764855575565.2,0.23071817512058773,0,639.2666625976562,110.4000015258789
104696,1764855575597.0,0.5424157069801083,0,642.0,107.33333587646484
104698,1764855575658.0,0.3575950508213326,0,630.3333129882812,120.99999237060548
104704,1764855575846.0,0.21658155892154143,0,622.3333129882812,122.33333587646484
104705,1764855575877.0,0.4273871476090278,0,622.3333129882812,122.66666412353516
104941,1764855583249.0,0.5167483124025648,0,397.6666564941406,264.3333435058594
104968,1764855584093.0,0.3249280083646341,0,435.3333129882813,280.33331298828125
104984,1764855584593.0,0.4725456857933544,0,474.3333435058594,394.3333435058594
104985,1764855584622.0,0.20268095702025185,0,473.0,388.3333435058594
104991,1764855584810.0,0.23258259833807265,0,470.6666564941406,357.6666564941406
104992,1764855584842.0,0.5492836567886001,0,470.3333129882813,353.6666564941406
105001,1764855585121.0,0.5438802540999816,0,492.6666564941406,408.3333129882813
105065,1764855587122.0,0.2070844203018922,0,579.3333740234375,412.3333435058594
105066,1764855587154.0,0.5076719732268853,0,582.3333129882812,412.3333435058594
105081,1764855587622.0,0.2092830965067172,0,634.6666870117188,548.0
105082,1764855587654.0,0.20358114131085855,0,636.3333740234375,546.3333129882812
105093,1764855587998.0,0.5027346618706828,0,650.3333129882812,488.3333129882813
105100,1764855588217.0,0.5001582676640663,0,666.6666259765625,564.0
105113,1764855588622.0,0.23172466906637404,0,692.0,488.3333129882813
105114,1764855588653.0,0.5076719732268853,0,694.6666870117188,488.3333129882813
105239,1764855592557.0,0.45899981882751817,0,838.0,319.3333435058594
105249,1764855592870.0,0.21209776775901162,0,826.0,356.6666564941406
105250,1764855592902.0,0.6583572561132199,1,824.3333740234375,364.6666564941406
105268,1764855593462.0,0.3894572740977484,0,598.6666259765625,199.6666717529297
105269,1764855593494.0,0.541084571839537,0,595.3333129882812,201.3333282470703
105279,1764855593805.0,0.28343120638321573,1,569.3333740234375,139.3333282470703
105280,1764855593836.4,0.2526759284780814,0,571.4833709716797,139.6833282470703
105358,1764855596274.0,0.508552004715227,0,652.3333129882812,144.33334350585938
105370,1764855596650.0,0.46975000353290974,0,646.3333129882812,186.0
105394,1764855597398.0,0.22013158026479196,0,632.1852077907986,120.33333587646484
105395,1764855597429.0,0.5495347503704656,1,631.6666870117188,120.33333587646484
105399,1764855597557.0,0.2485269330194128,0,629.6666870117188,124.33333587646484
105471,1764855599806.0,0.2123362488536276,0,722.3333129882812,152.0
105487,1764855600306.0,0.20480576706210935,0,748.0,176.0
105504,1764855600838.0,0.20964609897439704,1,761.3333129882812,136.33334350585938
105505,1764855600866.0,0.5161821707037835,0,761.3333129882812,136.33334350585938
105571,1764855602930.0,0.471322039428764,0,633.3333129882812,150.3333282470703
105585,1764855603366.0,0.398068633328273,0,610.3333129882812,178.0
105696,1764855606834.0,0.369356355884483,0,666.3333129882812,124.99999237060548
105704,1764855607082.0,0.5148493737625819,0,647.6666870117188,65.0
105705,1764855607113.25,0.23778234366778567,0,648.0416870117188,69.7708330154419
105719,1764855607550.75,0.2433401584134138,0,653.2916870117188,136.56249523162842
105720,1764855607582.0,0.6776617390631064,0,653.6666870117188,141.3333282470703
105725,1764855607739.3333,0.2838938930479339,0,635.0,85.66666412353516
105726,1764855607770.0,0.5845232778808238,0,613.0,85.66666412353516
105737,1764855608114.0,0.3536723113240113,0,689.0,120.99999237060548
105755,1764855608674.8,0.22408464707615736,0,694.1778157552084,110.62222239176432
105756,1764855608706.0,0.5588101951294013,0,694.3333740234375,110.0
105775,1764855609302.0,0.3488378275958993,0,722.6666870117188,124.99999237060548
105858,1764855611894.0,0.2918074519413063,0,1222.666748046875,644.3333129882812
105866,1764855612143.0,0.5051857416936454,0,1221.0,567.3333129882812
105867,1764855612175.0,0.2077974247986817,0,1213.3333129882812,569.8333129882812
105874,1764855612394.0,0.5639695011413814,0,1136.0,644.3333129882812
105883,1764855612674.0,0.5165030556590515,0,1115.6666259765625,572.6666870117188
105890,1764855612894.0,0.5894715681690279,0,1050.3333740234375,644.3333129882812
105899,1764855613174.0,0.5165030556590515,0,1032.333251953125,564.6666870117188
105906,1764855613394.0,0.5894715681690279,0,970.3333129882812,641.3333129882812
105914,1764855613642.0,0.5051857416936454,0,952.3333129882812,570.6666870117188
105921,1764855613862.0,0.5438802540999816,0,900.3333129882812,641.3333129882812
105930,1764855614142.0,0.20822234841641904,0,875.3333129882812,570.6666870117188
105931,1764855614174.0,0.5396200247196636,0,872.3333129882812,566.6666259765625
105937,1764855614362.0,0.5438802540999816,0,822.3333129882812,638.6666870117188
105946,1764855614642.0,0.5008190110985797,0,786.3333129882812,560.3333129882812
105952,1764855614830.0,0.20042830476690982,0,746.6666259765625,625.3333129882812
105963,1764855615174.0,0.4934341018535365,0,708.0,555.3333740234375
105969,1764855615362.0,0.5611738188809368,0,677.3333129882812,622.0
105978,1764855615642.0,0.4934341018535365,0,650.0,546.6666870117188
105984,1764855615830.0,0.541084571839537,0,628.3333129882812,616.3333740234375
106023,1764855617050.0,0.2799553111684545,0,578.6666259765625,479.3333129882813
106024,1764855617078.0,0.5588101951294013,0,579.3333740234375,479.3333129882813
106050,1764855617890.0,0.5133864884433389,0,610.3333129882812,491.3333129882813
106086,1764855619018.0,0.4273871476090278,0,618.3333129882812,537.0
106087,1764855619046.0,0.2426569532236107,0,619.3333740234375,535.6666870117188
106088,1764855619078.0,0.20552040314241826,0,620.6666259765625,532.6666870117188
106111,1764855619798.0,0.45899981882751817,0,628.0,320.33331298828125
106121,1764855620110.0,0.24781748785802168,0,622.6666870117188,352.33331298828125
106122,1764855620142.0,0.680457421323551,1,622.6666870117188,360.3333129882813
106135,1764855620546.0,0.5038599501025377,0,692.0,229.3333282470703
106143,1764855620798.0,0.28560415189052546,0,700.3333129882812,253.3333282470703
106148,1764855620954.0,0.35812111657328005,0,704.6666870117188,244.6666717529297
106161,1764855621358.0,0.37438207347522884,0,713.3333740234375,264.3333435058594
106165,1764855621486.0,0.46662998481607476,0,716.6666259765625,258.6666564941406
106193,1764855622358.0,0.4161987665733998,0,632.3333129882812,562.3333129882812
106194,1764855622390.0,0.2061677294540415,0,632.3333129882812,559.3333129882812
106204,1764855622702.0,0.5010642678420931,0,632.0,496.9999694824219
106226,1764855623390.0,0.2095173903743435,0,638.6666259765625,527.3333129882812
106227,1764855623422.0,0.24916435306060417,0,638.3333129882812,527.3333129882812
106230,1764855623514.0,0.21159112157318977,0,641.3333129882812,524.3333129882812
106255,1764855624295.0,0.5057563224547823,0,622.3333129882812,311.3333435058594
106266,1764855624638.0,0.680457421323551,1,602.6666870117188,361.9999694824219
106282,1764855625138.0,0.508552004715227,0,722.0,178.66665649414062
106293,1764855625482.0,0.46712748562321443,0,722.3333129882812,196.3333435058593
106311,1764855626044.5,0.22669755330328029,1,718.0000305175781,126.49999618530272
106312,1764855626075.0,0.5519422453209095,0,717.6666870117188,126.33332824707033
106356,1764855627450.7273,0.2535372833040116,0,495.18180708451706,401.93939208984375
106357,1764855627482.0,0.6630225882196565,1,493.6666564941406,402.0
106384,1764855628326.0,0.2070844203018922,0,710.3333129882812,136.33334350585938
106385,1764855628358.0,0.51046765548733,0,714.0,136.33334350585938
106386,1764855628387.0,0.305104531983319,0,716.3333129882812,137.3333282470703
106387,1764855628419.0,0.3249280083646341,0,718.3333740234375,137.0
106402,1764855628887.0,0.40849448157727425,0,744.3333740234375,166.3333282470703
106424,1764855629574.0,0.5057563224547823,0,721.3333129882812,115.33333587646484
106580,1764855634446.923,0.23106791072016916,0,660.025644155649,81.25641279954178
106581,1764855634478.0,0.5250894147512302,0,661.0,78.33333587646484
106599,1764855635042.0,0.42051919780053604,0,684.0,114.66666412353516
106616,1764855635574.0,0.35049095058472346,0,669.3333740234375,76.33333587646484
106655,1764855636791.0,0.4412289599517536,0,660.3333129882812,131.3333282470703
106778,1764855640634.0,0.4962297841139811,0,762.6666870117188,327.3333435058594
106779,1764855640663.0,0.2053649882684953,0,760.3333129882812,330.3333435058594
106791,1764855641039.0,0.4962297841139811,0,740.6666259765625,343.3333435058594
106798,1764855641258.0,0.40086431558871766,0,740.6666259765625,400.0000305175781
106805,1764855641475.0,0.24030834848219387,0,742.3333129882812,371.3333435058594
106806,1764855641507.0,0.5424157069801083,0,742.6666870117188,369.3333129882813
106812,1764855641695.0,0.6155616243046184,0,740.6666259765625,427.3333129882813
106819,1764855641914.0,0.5492836567886001,0,742.3333129882812,387.3333435058594
106820,1764855641945.0,0.2114069689699309,0,743.0,391.4444478352864
106827,1764855642163.0,0.2828084696300808,0,748.6666870117188,456.3333129882813
106848,1764855642819.0,0.4056987993168296,0,770.3333129882812,453.6666870117188
106850,1764855642883.0,0.37990155948646726,0,773.6666870117188,443.3333129882813
106882,1764855643883.0,0.21190801073822743,0,798.3333740234375,491.3333129882813
106883,1764855643914.0,0.20652935649920273,0,800.3333129882812,491.3333129882813
106905,1764855644599.0,0.5057563224547823,0,806.6666259765625,478.3333435058594
106976,1764855646819.0,0.6776617390631064,0,834.0,486.0
106996,1764855647443.0,0.20516876952978919,0,837.5555419921875,320.0
106997,1764855647475.0,0.49074174246585595,0,836.6666259765625,320.0
107005,1764855647723.0,0.6583572561132199,1,822.6666870117188,354.66668701171875
107020,1764855648194.0,0.31186368093462746,0,632.0,200.3333282470703
107021,1764855648223.0,0.36876289542069585,0,628.0,201.3333282470703
107043,1764855648910.0,0.4789522054173206,1,595.0,120.99999237060548
107077,1764855649975.0,0.2859565696203004,0,604.3333740234375,388.3333435058594
107079,1764855650034.0,0.26323079588504317,0,603.3333129882812,384.3333435058594
107093,1764855650474.0,0.6155616243046184,1,596.3333740234375,433.3333435058594
107094,1764855650504.6667,0.22695839829664755,0,596.3333740234375,425.0
107096,1764855650566.0,0.21240251434972474,0,596.3333740234375,408.3333129882813
107119,1764855651287.0,0.5192987379194962,0,604.3333740234375,193.3333282470703
107132,1764855651691.0,0.21658155892154143,0,608.3333129882812,209.3333282470703
107133,1764855651723.0,0.4725456857933544,0,609.3333740234375,211.3333282470703
107145,1764855652099.0,0.5079814239540901,1,608.3333129882812,168.3333282470703
107146,1764855652130.1667,0.20377680298137427,0,608.4166463216146,169.37499491373697
107222,1764855654503.0,0.5133864884433389,0,706.3333129882812,99.0
107224,1764855654567.0,0.3838617887936163,0,709.3333740234375,99.33333587646484
107238,1764855655003.0,0.3326991851123198,0,686.3333129882812,156.3333282470703
107247,1764855655283.0,0.3460421453354547,0,657.0,280.33331298828125
107254,1764855655503.0,0.5057563224547823,0,634.6666870117188,266.3333435058594
107273,1764855656095.0,0.6224295741131102,1,549.3333740234375,384.3333435058594
107274,1764855656127.0,0.22934901866053145,0,549.7777913411459,376.33333333333337
107276,1764855656191.0,0.21433407501094087,0,550.6666259765625,360.3333129882813
107299,1764855656907.0,0.5038599501025377,0,600.0,161.0
107314,1764855657375.0,0.3488378275958993,0,608.3333129882812,177.0
107326,1764855657751.0,0.20814852695304725,0,607.3333129882812,142.3333282470703
107331,1764855657907.6667,0.26267190195106516,0,610.3888854980469,142.3333282470703
107332,1764855657939.0,0.5817275956203791,1,611.0,142.3333282470703
107356,1764855658687.0,0.5430002226116399,0,766.3333129882812,346.3333435058594
107357,1764855658719.0,0.20035718189529922,0,771.7777709960938,338.22222900390625
107382,1764855659499.0,0.4934341018535365,0,810.6666259765625,134.3333282470703
107404,1764855660187.0,0.42051919780053604,0,811.3333129882812,174.66665649414062
107428,1764855660939.0,0.5316209585207419,0,807.3333129882812,139.3333282470703
107430,1764855660999.0,0.31409818693838265,0,806.3333129882812,143.3333282470703
107446,1764855661499.0,0.5057563224547823,0,781.3333129882812,133.66665649414062
107474,1764855662375.0,0.3695475897471169,0,692.0,352.33331298828125
107480,1764855662563.0,0.20918939134709663,0,684.6666870117188,340.0
107481,1764855662595.0,0.5057563224547823,0,683.3333740234375,340.0
107490,1764855662875.0,0.398068633328273,0,670.6666259765625,361.9999694824219
107499,1764855663155.0,0.45899981882751817,0,652.6666870117188,329.3333435058594
107572,1764855665435.0,0.3272047916343426,0,570.0,576.3333129882812
107582,1764855665747.0,0.5492836567886001,0,545.3333129882812,530.3333129882812
107590,1764855665999.0,0.49532378393595433,0,558.3333129882812,604.0
107601,1764855666343.0,0.2707984545031149,0,561.3333740234375,527.3333129882812
107602,1764855666375.0,0.5424157069801083,0,563.3333129882812,527.3333129882812
107613,1764855666715.0,0.3460421453354547,0,557.0,542.3333740234375
107634,1764855667371.0,0.5492836567886001,0,546.3333740234375,489.0
107635,1764855667402.3333,0.2114069689699309,0,547.0000305175781,489.8888905843099
107648,1764855667811.0,0.6155616243046184,0,570.0,574.3333740234375
107661,1764855668215.0,0.49636964694166547,0,571.3333740234375,488.3333129882813
107672,1764855668559.0,0.2052362796684418,0,592.6666870117188,568.3333740234375
107673,1764855668591.0,0.6155616243046184,0,594.0,569.3333129882812
107686,1764855668999.0,0.5161821707037835,0,590.3333129882812,496.3333435058594
107696,1764855669311.0,0.3564679935844559,0,600.3333129882812,509.3333435058594
107705,1764855669591.0,0.5547379275813541,0,609.3333740234375,499.0
107706,1764855669622.1428,0.22689377204198644,0,609.1905125209263,499.6190490722656
107749,1764855670963.889,0.2007602567911719,0,598.4814622667101,535.4814622667101
107750,1764855670995.0,0.4273871476090278,0,598.3333129882812,536.3333129882812
107777,1764855671839.0,0.4934341018535365,0,606.0,314.66668701171875
107785,1764855672091.0,0.2601205971268493,0,600.6666259765625,346.0
107786,1764855672123.0,0.680457421323551,1,600.6666259765625,353.0
107787,1764855672151.0,0.24299395574695493,0,608.3333129882812,342.0
107815,1764855673027.0,0.21287649855053184,0,682.3333129882812,132.33334350585938
107827,1764855673403.0,0.21783809138576732,0,671.0,139.6666717529297
107828,1764855673431.0,0.5119394157846406,0,669.3333740234375,142.3333282470703
107829,1764855673463.0,0.20697713741958246,0,676.6666870117188,128.16666412353516
107830,1764855673495.0,0.5424157069801083,0,684.0,114.0
107869,1764855674715.0,0.5866758859085832,1,625.3333129882812,413.6666564941406
107918,1764855676245.0,0.22669755330328029,0,583.8333435058594,144.83333587646484
107919,1764855676275.0,0.5390538830208824,0,584.3333740234375,144.33334350585938
107941,1764855676963.0,0.4177235155400914,0,658.0,247.3333435058593
108148,1764855683428.7644,0.22669755330328029,0,638.4278643681453,186.29487184377817
108149,1764855683460.0,0.5519422453209095,0,638.3333129882812,186.0
108155,1764855683647.7144,0.2001234357514435,0,635.1904907226562,194.57142857142856
108156,1764855683679.0,0.4273871476090278,0,634.6666870117188,196.0
108163,1764855683899.0,0.22199949318171236,0,641.0,175.6666717529297
108169,1764855684084.0,0.5076719732268853,0,676.6666259765625,158.3333282470703
108172,1764855684179.0,0.32474290390042587,0,686.0,159.3333282470703
108189,1764855684711.0,0.2095173903743435,0,730.0,214.3333282470703
108190,1764855684740.0,0.20832402454152948,0,730.0,214.3333282470703
108191,1764855684772.0,0.23356550311177207,0,729.5,212.8333282470703
108192,1764855684804.0,0.5617201899299948,0,729.0,211.3333282470703
108198,1764855684991.0,0.5611738188809368,0,732.0,248.3333282470703
108199,1764855685023.0,0.28343120638321573,0,724.0,215.3333435058593
108200,1764855685054.2,0.2526759284780814,0,726.4,217.3333404541016
108255,1764855686771.0,0.40086431558871766,0,756.6666259765625,336.0
108260,1764855686927.0,0.5424157069801083,0,756.0,310.6666564941406
108270,1764855687239.7273,0.2069913855599353,0,756.6060236150569,347.6363719593395
108271,1764855687271.0,0.47661795334140156,0,756.6666259765625,351.3333435058594
108333,1764855689208.7334,0.2069913855599353,0,755.7333333333333,433.2444539388021
108334,1764855689240.0,0.47661795334140156,0,756.0,435.3333435058594
108350,1764855689739.0,0.5133864884433389,0,772.3333129882812,384.3333435058594
108381,1764855690708.0,0.3300004738947872,0,757.3333129882812,536.6666870117188
108388,1764855690927.0,0.5424157069801083,0,754.3333740234375,496.9999694824219
108389,1764855690958.0,0.22689377204198644,0,754.4762224469866,499.9047328404018
108399,1764855691271.0,0.5029539499245109,0,760.3333129882812,574.3333740234375
108540,1764855695675.0,0.5057563224547823,0,832.0,322.66668701171875
108550,1764855695988.0,0.6583572561132199,1,812.3333129882812,376.0
108566,1764855696488.0,0.5057563224547823,0,579.3333740234375,189.66665649414065
108568,1764855696548.0,0.3823434181739759,0,568.3333129882812,190.3333282470703
108642,1764855698860.0,0.399984284100376,0,772.3333129882812,246.3333282470703
108653,1764855699204.0,0.4962297841139811,0,788.0,208.3333282470703
108669,1764855699704.0,0.4480969097602454,0,788.6666870117188,238.6666717529297
108685,1764855700204.0,0.4935374247263006,0,802.0,217.0
108692,1764855700424.0,0.20710070288592672,0,804.3333740234375,236.6666717529297
108693,1764855700455.0,0.40223671246803583,0,805.3333129882812,238.3333282470703
108711,1764855701016.0,0.4480969097602454,0,820.6666259765625,237.66665649414065
108719,1764855701267.0,0.2212968867802611,0,828.3333740234375,228.3333435058593
108720,1764855701296.0,0.5133864884433389,0,828.6666870117188,228.3333435058593
108727,1764855701515.0,0.3564679935844559,0,833.3333740234375,236.0
108729,1764855701579.0,0.3771058772260226,0,834.6666870117188,232.3333282470703
108898,1764855706856.8,0.26196056577498994,0,644.3333740234375,99.73333740234374
108899,1764855706888.0,0.5617201899299948,0,643.3333740234375,95.66667175292967
108918,1764855707480.842,0.2001234357514435,0,674.614013671875,139.22807472630552
108919,1764855707512.0,0.4725456857933544,0,675.3333129882812,139.6666717529297
108921,1764855707576.0,0.270994673241821,0,653.6666870117188,123.0
108922,1764855707607.375,0.23778234366778567,0,654.5000152587891,123.9583339691162
108930,1764855707857.0,0.21209776775901162,0,673.3333129882812,135.33333587646484
108931,1764855707887.0,0.6611529383736646,0,686.3333129882812,140.0
108975,1764855709264.0,0.3721520381449276,0,708.0,175.3333282470703
109069,1764855712200.0,0.203376519955254,0,562.0,243.3333282470703
109070,1764855712232.0,0.2016529305181606,0,562.3333129882812,242.3333435058593
109082,1764855712604.0,0.46662998481607476,0,564.3333740234375,206.6666717529297
109097,1764855713076.0,0.25619354298878166,0,572.0,236.3333435058593
109098,1764855713104.0,0.203376519955254,0,572.3333129882812,235.3333282470703
109107,1764855713388.0,0.4962297841139811,0,574.3333740234375,214.3333282470703
109120,1764855713792.0,0.3488378275958993,0,580.0,231.3333435058593
109138,1764855714356.0,0.3536723113240113,0,585.0,227.3333282470703
109149,1764855714700.0,0.508552004715227,0,589.6666870117188,219.3333282470703
109153,1764855714824.0,0.4273871476090278,0,590.3333129882812,224.00001525878903
109347,1764855720884.0,0.5492836567886001,0,637.6666870117188,84.33333587646484
109348,1764855720915.3333,0.23376172185047822,0,638.2222391764323,85.66666793823242
109354,1764855721104.0,0.3564679935844559,0,641.0,93.0
109363,1764855721384.0,0.26458941009804743,0,645.0,85.0
109364,1764855721416.0,0.5547379275813541,0,645.6666259765625,85.0
109373,1764855721696.0,0.33619835214871374,0,629.6666870117188,149.66665649414062
109374,1764855721727.111,0.23116960766713956,0,633.2222357855903,147.62962002224393
109382,1764855721976.0,0.5079814239540901,0,661.6666259765625,131.3333282470703
109383,1764855722007.3333,0.22689377204198644,0,661.1481085883247,132.09258778889975
109415,1764855723008.75,0.23267819374263746,0,657.0208129882812,145.31249523162842
109416,1764855723040.0,0.6437181052697701,0,657.3333129882812,145.3333282470703
109424,1764855723288.6667,0.21523137204853215,0,656.8333231608073,78.77777608235677
109425,1764855723320.0,0.5464879745281555,0,657.3333129882812,77.66666412353516
109440,1764855723788.0,0.42051919780053604,0,684.0,114.0
109551,1764855727256.7273,0.20547556220641153,0,682.4242831143466,114.45454822887072
109552,1764855727288.0,0.5652187949309373,0,683.3333740234375,114.33333587646484
109564,1764855727664.0,0.25171621354417384,0,634.3333740234375,155.0
109571,1764855727880.0,0.23769544225507094,0,628.6666259765625,137.0
109572,1764855727912.0,0.5492836567886001,0,628.6666259765625,135.3333282470703
109606,1764855728972.75,0.20547556220641153,0,621.9583530426025,144.36459302902222
109607,1764855729004.0,0.5624231126704927,0,621.6666870117188,144.33334350585938
109615,1764855729256.0,0.5492836567886001,0,615.3333129882812,142.3333282470703
109616,1764855729287.0,0.23376172185047822,0,615.8333129882812,143.0833282470703
109619,1764855729380.0,0.24998962455377877,0,617.3333129882812,145.3333282470703
109620,1764855729412.0,0.6611529383736646,0,618.6666259765625,150.3333282470703
109675,1764855731128.8,0.22669755330328029,0,618.9393931995738,74.06666426225142
109676,1764855731160.0,0.5547379275813541,0,619.0,73.66666412353516
109700,1764855731909.76,0.2001234357514435,0,617.08,105.98666900634764
109701,1764855731941.0,0.4177235155400914,0,617.0,107.33333587646484
109711,1764855732256.0,0.4922973793936183,0,617.0,79.66666412353516
109712,1764855732287.1428,0.20377680298137427,0,617.1428571428571,80.23809269496373
109747,1764855733380.0,0.32376181900731904,0,706.0,251.3333282470703
109748,1764855733409.0,0.21190801073822743,0,706.3333129882812,250.3333282470703
109861,1764855736940.0,0.37380516113375173,0,625.0,73.66666412353516
109862,1764855736971.111,0.20691526740937605,0,625.5185207790798,74.0740720960829
109932,1764855739156.0,0.471322039428764,0,759.3333740234375,166.3333282470703
109934,1764855739220.0,0.39735799816290224,0,749.3333740234375,166.66665649414062
109941,1764855739440.0,0.3460421453354547,0,720.3333129882812,177.0
109961,1764855740064.0,0.5057563224547823,1,686.3333129882812,131.3333282470703
109999,1764855741252.0,0.23418114912678173,1,600.3333129882812,508.0
110000,1764855741282.5,0.22934901866053145,0,599.4999694824219,505.3333282470703
110001,1764855741313.0,0.2474712851915628,0,598.6666259765625,502.6666564941406
110026,1764855742093.0,0.4820687726330332,0,616.0,196.6666717529297
110040,1764855742532.0,0.4137526778887447,0,611.0,211.3333282470703
110054,1764855742969.0,0.4094638138767236,0,601.0,170.0
110058,1764855743093.0,0.5424157069801083,0,637.6666870117188,144.33334350585938
110059,1764855743124.375,0.23091439385929388,0,631.6666870117188,148.33334159851074
110166,1764855746468.0,0.20184982927847095,0,628.3333129882812,125.33332824707033
110187,1764855747124.0,0.20470608286507097,0,639.0,103.66667175292967
110202,1764855747593.0,0.40223671246803583,0,644.3333740234375,110.33333587646484
110207,1764855747748.0,0.2524797097393752,0,653.6666870117188,76.33333587646484
110208,1764855747781.0,0.5589245076695502,0,657.0,67.0
110219,1764855748124.0,0.4412289599517536,0,673.0,108.33333587646484
110230,1764855748465.9167,0.2281052688934648,0,673.6111297607422,96.11111132303874
110231,1764855748497.0,0.5464879745281555,0,673.6666870117188,95.0
110249,1764855749061.0,0.4056987993168296,0,690.3333129882812,118.33333587646484
110252,1764855749154.0,0.22123731908497302,0,692.8333435058594,101.83333015441896
110253,1764855749185.0,0.5424157069801083,0,693.6666870117188,96.33332824707033
110256,1764855749280.0,0.3695475897471169,0,690.3333129882812,117.66666412353516
110265,1764855749561.0,0.21755004673384584,0,685.0,97.0
110331,1764855751621.7058,0.23136582640584571,0,684.4705882352941,111.64706106746898
110332,1764855751653.0,0.4398236807504225,0,684.0,112.33333587646484
110336,1764855751777.0,0.5038599501025377,0,717.6666870117188,96.33332824707033
110279,1764855749997.0,0.5959698262365927,0,1002.6666870117188,326.6666564941406
110395,1764855753621.0,0.5057563224547823,0,817.0,128.33334350585938
110423,1764855754497.0,0.4273871476090278,0,804.0,167.3333282470703
110527,1764855757745.0,0.5519422453209095,0,865.0,149.66665649414062
110528,1764855757776.2856,0.20377680298137427,0,864.6190447126116,150.047611781529
110636,1764855761149.0,0.20662624722210532,0,828.3333740234375,184.3333282470703
110822,1764855766961.0,0.4934341018535365,0,705.0,134.3333282470703
110829,1764855767179.0,0.2001234357514435,0,702.3333129882812,152.3333282470703
110830,1764855767209.0,0.42051919780053604,0,701.6666259765625,154.3333282470703
110843,1764855767617.0,0.20450986412636482,0,684.3333740234375,114.0
110844,1764855767649.0,0.4962297841139811,0,685.0,114.0
110877,1764855768677.0,0.3168938691988272,0,683.6666870117188,144.33334350585938
110909,1764855769677.0,0.20582846964431928,0,674.3333740234375,115.33333587646484
110912,1764855769773.0,0.2641267234333292,0,679.0,85.66666412353516
110913,1764855769804.0588,0.23091439385929388,0,678.960786707261,86.94117422664867
110929,1764855770301.0,0.42051919780053604,0,678.3333740234375,107.33333587646484
110941,1764855770677.0,0.2078589194090197,0,683.0,74.33333587646484
110991,1764855772238.0,0.2433401584134138,0,450.8333358764648,495.4999923706055
110992,1764855772269.0,0.680457421323551,1,449.3333435058594,496.6666564941406
111019,1764855773113.0,0.4697953487519809,0,616.0,162.3333282470703
111034,1764855773581.0,0.41654836014918933,0,625.0,183.3333435058593
111052,1764855774145.5715,0.20358058424266812,0,613.4761701311384,141.52380589076452
111053,1764855774177.0,0.5519422453209095,1,612.3333129882812,141.3333282470703
111152,1764855777269.0,0.5464879745281555,0,54.66666793823242,538.3333129882812
111163,1764855777613.0,0.6155616243046184,0,72.0,568.3333740234375
111174,1764855777957.0,0.429403127209321,0,60.33333206176758,514.6666870117188
111175,1764855777988.2,0.2114069689699309,0,61.46666564941406,515.0666870117187
111182,1764855778205.0,0.2046007651960514,0,73.33333587646484,524.6666259765625
111183,1764855778237.0,0.4725456857933544,0,74.33333587646484,528.0
111191,1764855778485.0,0.43855998387466066,0,64.66666412353516,494.6666870117188
111192,1764855778516.3333,0.23376172185047822,0,65.27777608235677,495.11112976074224
111198,1764855778705.0,0.2046007651960514,0,70.0,499.9999694824219
111199,1764855778737.0,0.42051919780053604,0,70.66666412353516,502.6666564941406
111207,1764855778985.0,0.22669755330328029,0,63.33333587646485,480.3333435058594
111208,1764855779017.0,0.5616058773898459,0,62.66666793823242,479.3333129882813
111212,1764855779141.0,0.3488378275958993,0,66.33332824707031,485.3333129882813
111340,1764855783141.0,0.6553069861825591,0,276.3333435058594,403.3333435058594
111385,1764855784545.0,0.2092830965067172,0,560.3333129882812,186.3333435058593
111404,1764855785141.0,0.21279893551834578,0,579.0,124.33333587646484
111405,1764855785173.0,0.5133864884433389,0,580.3333129882812,124.33333587646484
111421,1764855785673.0,0.3564679935844559,0,594.3333740234375,152.33334350585938
111425,1764855785797.0,0.23754494802065107,0,596.3333740234375,137.3333282470703
111426,1764855785829.0,0.2641267234333292,0,612.0,87.33332824707031
111427,1764855785860.0,0.23091439385929388,0,610.5238124302456,92.33332933698382
111433,1764855786046.0,0.3146049623419794,0,601.6666870117188,122.33333587646484
111434,1764855786077.0,0.2101542114140719,0,603.0,120.99999237060548
111439,1764855786233.0,0.5133864884433389,0,606.3333740234375,120.33333587646484
111527,1764855788981.0,0.3460421453354547,0,632.6666870117188,156.6666717529297
111534,1764855789201.0,0.24717629829068566,0,632.6666870117188,138.6666717529297
111535,1764855789233.0,0.5464879745281555,0,633.0,137.0
111538,1764855789326.0,0.5815950944116465,0,635.3333129882812,150.6666717529297
111543,1764855789481.0,0.5038599501025377,0,641.0,112.33333587646484
111569,1764855790293.0,0.4273871476090278,0,636.3333740234375,139.3333282470703
111581,1764855790669.0,0.5244902246435319,0,645.6666259765625,96.33332824707033
111646,1764855792701.0,0.2863794777662117,0,645.6666259765625,115.33333587646484
111647,1764855792733.0,0.41654836014918933,0,632.3333129882812,119.66667175292967
111660,1764855793137.0,0.5119138286744529,0,632.3333129882812,81.0
111708,1764855794637.0,0.5670051541405912,0,1113.3333740234375,440.0
111713,1764855794793.0,0.20595686280061765,0,1103.3333740234375,401.3333129882813
111737,1764855795542.0,0.5057563224547823,0,668.0,130.3333282470703
111755,1764855796105.0,0.5424157069801083,0,579.3333740234375,136.33334350585938
111757,1764855796169.0,0.2433401584134138,0,552.3333129882812,202.3333435058593
111758,1764855796198.0,0.6211202613775847,0,548.6666259765625,207.3333435058593
111759,1764855796229.0,0.5079814239540901,0,570.6666259765625,137.0
111760,1764855796261.0,0.23091439385929388,0,556.0,161.0
111773,1764855796666.0,0.3722713934979106,0,514.3333740234375,133.3333282470703
111858,1764855799321.0,0.4962297841139811,0,724.6666870117188,133.3333282470703
111876,1764855799885.0,0.2052362796684418,0,722.3333129882812,156.3333282470703
111877,1764855799917.0,0.42051919780053604,0,722.0,158.3333282470703
111895,1764855800478.0,0.5161821707037835,0,728.3333740234375,113.66666412353516
111896,1764855800509.2856,0.20691526740937605,0,728.9524187360491,114.19047328404018
111925,1764855801414.0,0.42051919780053604,0,738.0,243.3333282470703
111936,1764855801757.0,0.23082749244657916,0,742.3333129882812,216.00001525878903
111937,1764855801790.0,0.4962297841139811,0,742.0,215.3333435058593
111949,1764855802165.0,0.2951134262856401,0,741.3333129882812,241.0
111950,1764855802197.0,0.24229640325211238,0,741.3333129882812,240.3333282470703
112189,1764855809662.0,0.4921760533370936,0,681.0,72.33333587646484
112190,1764855809693.3076,0.20547556220641153,0,681.1794903094952,72.3846177321214
112228,1764855810882.0,0.4521332838980304,0,688.3333740234375,73.66666412353516
112232,1764855811006.0,0.49074174246585595,0,689.0,73.33333587646484
112521,1764855820034.0,0.42051919780053604,0,693.3333740234375,156.3333282470703
112604,1764855822626.0,0.2646726544711241,0,661.6666259765625,131.3333282470703
112606,1764855822690.0,0.2641267234333292,0,695.3333129882812,85.66666412353516
112607,1764855822721.2,0.22143353782367917,0,693.666650390625,87.63333053588867
112616,1764855823002.0,0.42051919780053604,0,678.6666870117188,105.33332824707033
112625,1764855823282.0,0.24844267887285754,0,680.3333129882812,77.33333587646484
112739,1764855826844.0,0.20760120605997556,0,737.3333435058594,486.1666412353516
112740,1764855826874.0,0.5396200247196636,0,736.0,483.9999694824219
112754,1764855827310.0,0.5008190110985797,0,677.0,495.0
112757,1764855827406.0,0.49532378393595433,0,655.3333129882812,534.0
112764,1764855827626.0,0.4934341018535365,0,628.0,487.3333435058594
112765,1764855827654.0,0.2098423177131032,0,624.0,492.0
112817,1764855829279.3333,0.2046007651960514,0,680.3333129882812,153.3333282470703
112818,1764855829310.0,0.5704030861202919,0,680.3333129882812,154.3333282470703
112820,1764855829374.0,0.2435508426175052,0,681.3333129882812,148.33334350585938
112822,1764855829438.0,0.21755004673384584,0,673.6666870117188,115.33333587646484
112861,1764855830654.8,0.2001234357514435,0,680.1666473388672,132.88332843780518
112862,1764855830686.0,0.4725456857933544,0,680.3333129882812,133.3333282470703
112879,1764855831218.0,0.2078589194090197,0,686.3333129882812,74.33333587646484
112933,1764855832902.0,0.680457421323551,1,438.6666564941406,453.3333129882813
112934,1764855832934.0,0.2299824218054366,0,441.6666717529297,441.4999847412109
112935,1764855832966.0,0.24745072538322055,0,444.6666870117188,429.6666564941406
112964,1764855833870.0,0.5133864884433389,0,570.3333129882812,163.0
112965,1764855833902.0,0.21299515425705193,0,571.3333740234375,163.3333282470703
112974,1764855834186.0,0.42051919780053604,0,578.3333129882812,177.33334350585938
112987,1764855834590.0,0.5617201899299948,1,576.3333740234375,138.3333282470703
112988,1764855834621.111,0.23578140981584128,0,578.8518880208334,139.40740288628473
113009,1764855835278.0,0.24748059507580164,0,669.6666870117188,224.3333282470703
113077,1764855837402.0,0.4412289599517536,0,1114.3333740234375,397.3333435058594
113186,1764855840806.0,0.23505289135558988,0,1100.6666259765625,327.3333435058594
113203,1764855841338.0,0.20516876952978919,0,967.3333129882812,233.0
113204,1764855841370.0,0.37193983730021923,0,962.3333129882812,233.0
113206,1764855841430.0,0.398068633328273,0,952.3333129882812,234.3333435058593
113221,1764855841898.0,0.471322039428764,0,922.3333129882812,190.3333282470703
113222,1764855841930.0,0.2053649882684953,0,919.6666870117188,190.6666717529297
113226,1764855842055.0,0.3460421453354547,0,912.0,195.3333282470703
113239,1764855842462.0,0.5057563224547823,0,894.3333740234375,168.3333282470703
113264,1764855843243.0,0.5057563224547823,0,854.3333740234375,173.33334350585938
113266,1764855843306.0,0.3823434181739759,0,838.3333740234375,174.3333282470703
113282,1764855843806.0,0.46992316788365907,0,748.3333740234375,225.9999847412109
113300,1764855844366.0,0.4741177216892086,0,712.6666870117188,158.6666717529297
113302,1764855844430.0,0.40015368042334687,0,709.3333740234375,159.3333282470703
113316,1764855844866.0,0.3460421453354547,0,686.3333129882812,190.6666717529297
113336,1764855845491.3333,0.23071817512058773,0,680.7777913411459,120.22222391764323
113337,1764855845522.0,0.5424157069801083,0,684.0,114.0
113340,1764855845618.0,0.20010906363549658,0,675.3333129882812,171.16666412353516
113341,1764855845650.0,0.6127659420441738,0,675.3333129882812,172.0
113345,1764855845774.0,0.2869533234312796,0,672.3333129882812,135.3333282470703
113346,1764855845806.0,0.20940570741358056,0,672.3333129882812,138.0
113368,1764855846491.0,0.5424157069801083,0,690.6666259765625,90.0
113369,1764855846522.2778,0.22689377204198644,0,689.0555148654514,92.29629601372612
113386,1764855847054.0,0.4398236807504225,0,661.6666259765625,131.3333282470703
113404,1764855847618.0,0.5396200247196636,0,716.3333129882812,84.33333587646484
113479,1764855849959.0,0.37892250191900756,0,646.3333129882812,136.33334350585938
113481,1764855850022.3333,0.23071817512058773,0,645.0000203450521,133.66667683919272
113482,1764855850054.0,0.5492836567886001,0,644.3333740234375,132.33334350585938
113485,1764855850146.0,0.24702747180399548,0,646.3333129882812,139.3333282470703
113486,1764855850178.0,0.4962297841139811,0,642.3333129882812,127.33333587646484
113490,1764855850302.0,0.3488378275958993,0,639.3333740234375,156.3333282470703
113497,1764855850522.0,0.5424157069801083,0,633.0,136.33334350585938
113498,1764855850554.0,0.27613090808985324,0,632.3333129882812,138.0
113501,1764855850646.0,0.3168938691988272,0,636.3333740234375,153.0
113521,1764855851271.0,0.5396200247196636,0,633.6666259765625,124.33333587646484
113535,1764855851710.0,0.3460421453354547,0,624.0,154.3333282470703
113540,1764855851866.0,0.5464879745281555,0,622.3333129882812,140.0
113544,1764855851990.0,0.3536723113240113,0,624.3333740234375,149.66665649414062
113558,1764855852426.0,0.27308736135996275,0,635.3333129882812,116.33333587646484
113559,1764855852458.0,0.5396200247196636,0,635.3333129882812,116.33333587646484
113578,1764855853051.0,0.36675190748667225,0,626.3333740234375,145.3333282470703
113720,1764855857487.0,0.4921760533370936,0,652.3333129882812,123.0
113729,1764855857770.0,0.5202430519118431,0,624.3333740234375,123.33333587646484
113744,1764855858238.0,0.25531062868134935,0,627.6666870117188,73.66666412353516
113745,1764855858269.2,0.2114069689699309,0,628.0666870117187,73.93333129882812
113783,1764855859455.0,0.21402582350678134,0,947.3333129882812,510.0
113784,1764855859486.5,0.22248106885203967,0,956.999969482422,508.3333282470703
113785,1764855859518.0,0.22232885152063642,1,966.6666259765624,506.6666564941406
113813,1764855860394.0,0.20516876952978919,0,730.0,147.3333282470703
113814,1764855860423.0,0.5057563224547823,0,726.3333129882812,147.3333282470703
113830,1764855860922.0,0.40086431558871766,0,688.6666870117188,178.3333282470703
113843,1764855861330.0,0.36311453683257094,0,679.3333740234375,134.3333282470703
113851,1764855861579.0,0.42051919780053604,0,674.3333740234375,137.66665649414062
113878,1764855862423.7144,0.22669755330328029,0,683.65476335798,114.8452377319336
113879,1764855862455.0,0.5547379275813541,0,684.0,114.0
113886,1764855862672.0,0.23136582640584571,0,650.1666488647461,137.04167556762695
113887,1764855862703.0,0.6348661072545048,0,645.3333129882812,140.33334350585938
113890,1764855862798.0,0.5424157069801083,0,684.3333740234375,114.0
113891,1764855862829.5,0.23091439385929388,0,677.6667073567709,119.72222391764323
113896,1764855862987.0,0.2951134262856401,0,644.3333740234375,148.33334350585938
113937,1764855864266.5715,0.23071817512058773,0,657.4286063058036,102.40475736345564
113938,1764855864298.0,0.5424157069801083,0,658.3333740234375,101.33332824707033
113939,1764855864330.0,0.34713991427845836,0,636.0,128.0
113940,1764855864360.5,0.20268095702025185,0,636.0,122.83333206176758
113956,1764855864859.0,0.3771058772260226,0,641.3333129882812,73.66666412353516
113970,1764855865298.0,0.25450315799149265,0,643.0,98.0
113971,1764855865327.0,0.22131533452533061,0,649.6666870117188,93.0
113977,1764855865515.0,0.5617201899299948,0,645.6666259765625,98.33333587646484
114002,1764855866298.0,0.22086653585709193,0,840.3333129882812,454.6666564941406
114003,1764855866327.0,0.6611529383736646,1,854.3333740234375,470.3333435058594
114030,1764855867171.0,0.20964609897439704,0,745.3333129882812,187.3333282470703
114031,1764855867202.0,0.5057563224547823,0,744.3333740234375,187.3333282470703
114038,1764855867422.0,0.3460421453354547,0,734.3333740234375,193.3333282470703
114068,1764855868359.6667,0.23356550311177207,0,731.629628499349,146.61110602484808
114069,1764855868391.0,0.5588101951294013,1,732.0,146.3333282470703
114101,1764855869390.0,0.26433046869178584,0,825.3333129882812,354.3333435058594
114109,1764855869639.0,0.6155616243046184,1,866.6666259765625,370.6666564941406
114370,1764855877791.0,0.2032862616055801,0,670.3333129882812,256.3333435058594
114371,1764855877823.0,0.2378190738075045,0,670.3333129882812,256.3333435058594
114803,1764855891319.7578,0.2001234357514435,0,666.7233806216746,160.2134241886276
114804,1764855891351.0,0.4273871476090278,0,666.6666259765625,160.3333282470703
114817,1764855891755.0,0.22019390868683653,0,683.3333740234375,114.0
114818,1764855891787.0,0.5424157069801083,0,684.3333740234375,114.0
114836,1764855892351.0,0.4273871476090278,0,668.0,143.3333282470703
114837,1764855892381.0,0.20679516682122914,0,669.1666564941406,142.0
114844,1764855892599.0,0.5214403670152541,0,675.0,140.0
114852,1764855892851.0,0.42051919780053604,0,671.3333129882812,154.0
114864,1764855893223.0,0.5424157069801083,0,673.6666870117188,115.66667175292967
114865,1764855893254.3333,0.22689377204198644,0,673.3055775960287,118.50000381469724
114876,1764855893599.0,0.3460421453354547,0,669.3333740234375,149.66665649414062
114892,1764855894099.8,0.25023536880967046,0,668.2333679199219,120.99999237060548
114893,1764855894131.0,0.5624231126704927,0,668.3333740234375,120.99999237060548
114905,1764855894504.0,0.2001234357514435,0,642.8333129882812,137.8333282470703
114906,1764855894535.0,0.4398236807504225,0,640.3333129882812,139.3333282470703
114938,1764855895535.0,0.4962297841139811,0,661.3333129882812,63.66666793823242
114954,1764855896035.0,0.24000749639526453,0,657.3333129882812,122.33333587646484
114955,1764855896066.3044,0.20679516682122914,0,658.2028782056725,121.7826110176418
114976,1764855896723.6956,0.2112107502312247,0,676.46374777089,110.2173889823582
114977,1764855896755.0,0.5712467282707959,0,677.3333129882812,109.66666412353516
114934,1764855895411.0,0.49837190845441254,0,529.0,316.6666564941406
114994,1764855897283.0,0.4013696774424999,0,638.3333129882812,332.3333435058594
114997,1764855897379.0,0.5076719732268853,0,645.6666259765625,329.0
114999,1764855897443.0,0.3809429558376074,0,652.0,330.3333435058594
115005,1764855897627.0,0.3564679935844559,1,669.6666870117188,348.3333435058594
115011,1764855897815.0,0.2435508426175052,0,678.6666870117188,334.3333435058594
115032,1764855898471.0,0.46179550108796286,0,662.6666870117188,158.6666717529297
115047,1764855898939.0,0.20522190755249484,0,658.3333740234375,184.3333282470703
115048,1764855898971.0,0.40086431558871766,0,658.3333740234375,186.3333435058593
115063,1764855899439.0,0.5424157069801083,0,672.3333129882812,125.33332824707033
115065,1764855899503.0,0.2628109537116631,0,655.0,131.3333282470703
115066,1764855899535.0,0.23435086008442368,0,654.6666870117188,131.3333282470703
115067,1764855899567.0,0.2641267234333292,0,674.3333740234375,117.66666412353516
115068,1764855899598.2144,0.22143353782367917,0,672.9762268066406,118.40475954328264
115081,1764855900004.0,0.42051919780053604,0,655.3333129882812,128.0
115089,1764855900251.0,0.24030834848219387,0,690.3333129882812,116.33333587646484
115090,1764855900283.0,0.5519422453209095,0,688.3333740234375,116.0
115118,1764855901159.0,0.33817560148317094,0,673.0,424.3333129882813
115119,1764855901190.2,0.20691526740937605,0,673.6666625976562,425.1999816894532
115156,1764855902347.0,0.5424157069801083,0,640.3333129882812,146.3333282470703
115173,1764855902875.0,0.4725456857933544,0,641.3333129882812,175.3333282470703
115189,1764855903375.0,0.2838938930479339,1,644.3333740234375,120.99999237060548
115190,1764855903407.0,0.5318662152642553,0,647.3333129882812,120.99999237060548
115191,1764855903439.0,0.20789278867353322,0,649.0,122.33333587646484
115192,1764855903471.0,0.43702799848997786,0,651.0,123.33333587646484
115196,1764855903595.0,0.5424157069801083,0,682.6666870117188,118.33333587646484
115277,1764855906127.0,0.23005972852467138,0,662.3333129882812,137.0
115351,1764855908436.0,0.5057563224547823,0,651.3333129882812,132.0
115362,1764855908780.0,0.4137526778887447,0,644.3333740234375,163.3333282470703
115373,1764855909123.5,0.2524797097393752,0,628.3333435058594,94.0
115374,1764855909155.0,0.5617201899299948,0,624.3333740234375,85.66666412353516
115382,1764855909405.0,0.21207770169287687,0,649.3332977294922,97.0
115383,1764855909436.0,0.5011675907148572,0,650.6666259765625,97.0
115388,1764855909592.6667,0.20337316301829483,0,653.1666768391927,98.11111323038736
115389,1764855909624.0,0.42051919780053604,0,653.6666870117188,98.33333587646484
115392,1764855909719.0,0.4345393620573533,0,652.0,96.66666412353516
115393,1764855909749.8333,0.23376172185047822,0,653.2222290039062,96.83333079020184
115409,1764855910248.0,0.4398236807504225,0,646.3333129882812,122.0
115410,1764855910279.2,0.23116960766713956,0,649.1333190917969,119.83333282470704
115419,1764855910560.0,0.24666510111393058,0,674.3333740234375,100.33332824707033
115420,1764855910592.0,0.38039472713323896,0,675.0,101.0
115427,1764855910811.625,0.23758612492907952,0,666.25,67.16666889190674
115428,1764855910843.0,0.5617201899299948,0,665.0,62.33333587646485
115431,1764855910935.0,0.2095173903743435,0,680.0,101.33332824707033
115432,1764855910967.0,0.23465733416269052,0,680.3333129882812,101.33332824707033
115438,1764855911155.0,0.5617201899299948,0,665.0,61.66666793823242
115439,1764855911186.4285,0.2581361626963886,0,668.3809552873884,67.61904907226562
115447,1764855911436.3333,0.23014120065459492,0,665.7778116861979,125.33334096272786
115448,1764855911467.0,0.6549553542959046,0,654.3333740234375,136.33334350585938
115450,1764855911531.0,0.2639305046946231,0,691.3333129882812,104.33332824707033
115451,1764855911560.0,0.5424157069801083,0,692.0,104.33332824707033
115455,1764855911687.0,0.541084571839537,0,682.3333129882812,120.99999237060548
115462,1764855911904.0,0.5272859069039765,0,662.3333129882812,63.0
115463,1764855911935.2727,0.26215678451369606,0,665.7878584428267,66.8484843860973
115501,1764855913123.0,0.6224295741131102,0,652.0,136.6666717529297
115508,1764855913340.0,0.2641267234333292,0,661.3333129882812,63.0
115509,1764855913371.2676,0.22143353782367917,0,661.2206377915933,63.83568078699246
115579,1764855915560.0,0.4398236807504225,0,653.3333740234375,122.33333587646484
115582,1764855915652.0,0.508552004715227,0,707.3333129882812,120.33333587646484
115592,1764855915964.0,0.42051919780053604,0,709.3333740234375,136.33334350585938
115636,1764855917340.0,0.5396200247196636,0,695.6666259765625,85.66666412353516
115684,1764855918840.0,0.4185660358975481,0,667.3333129882812,123.33333587646484
115817,1764855922995.0,0.5076719732268853,0,474.6666870117188,558.3333740234375
115820,1764855923088.0,0.3536723113240113,0,482.6666564941406,560.0
115848,1764855923963.0,0.2070844203018922,0,547.3333129882812,481.6666870117188
115849,1764855923991.0,0.5076719732268853,0,550.3333129882812,481.6666870117188
115916,1764855926088.0,0.3564679935844559,0,540.0,175.3333282470703
115932,1764855926587.0,0.23341856246552017,0,562.3333129882812,136.33334350585938
115933,1764855926616.0,0.5133864884433389,0,564.3333740234375,136.33334350585938
115940,1764855926836.0,0.40086431558871766,0,576.3333740234375,173.6666717529297
116040,1764855929960.0,0.4934341018535365,0,621.6666870117188,126.66666412353516
116108,1764855932084.0,0.4076226842961338,0,634.6666870117188,190.6666717529297
116109,1764855932115.5,0.20691526740937605,0,635.1666793823242,191.0000038146973
116119,1764855932428.0,0.46992316788365907,0,640.3333129882812,200.3333282470703
116147,1764855933304.0,0.20516876952978919,0,638.3333129882812,134.3333282470703
116148,1764855933332.0,0.5057563224547823,1,637.0,134.3333282470703
116210,1764855935272.0,0.5133864884433389,0,619.0,123.0
116228,1764855935832.0,0.20480576706210935,0,636.6666870117188,160.3333282470703
116241,1764855936240.0,0.46662998481607476,0,642.3333129882812,119.66667175292967
116274,1764855937268.0,0.37438207347522884,0,675.3333129882812,355.3333435058594
116278,1764855937396.0,0.5161821707037835,0,681.0,350.3333435058594
116279,1764855937428.0,0.21299515425705193,0,682.3333129882812,350.6666564941406
116324,1764855938832.0,0.46179550108796286,0,704.0,160.3333282470703
116333,1764855939112.0,0.2046007651960514,0,700.6666259765625,168.0
116334,1764855939144.0,0.42051919780053604,0,701.3333129882812,170.0
116345,1764855939488.0,0.5617201899299948,0,648.3333740234375,108.33333587646484
116347,1764855939552.0,0.6611529383736646,0,698.3333740234375,126.33332824707033
116349,1764855939613.3333,0.20935338566751943,0,696.5555419921875,99.22221883138022
116350,1764855939644.0,0.5617201899299948,1,695.6666259765625,85.66666412353516
116416,1764855941704.0,0.4962297841139811,0,636.6666870117188,168.3333282470703
116430,1764855942144.0,0.40086431558871766,0,625.3333129882812,190.3333282470703
116443,1764855942548.0,0.21492027144662515,0,621.6666870117188,140.6666717529297
116450,1764855942768.0,0.22669755330328029,0,649.2222493489584,90.77778116861978
116451,1764855942800.0,0.5652187949309373,0,649.3333740234375,90.66667175292967
116463,1764855943172.0,0.5057563224547823,0,604.6666870117188,107.33333587646484
116477,1764855943612.0,0.2025184976836723,0,589.6666870117188,125.66666412353516
116571,1764855946548.0,0.5079814239540901,0,657.0,101.66666412353516
116572,1764855946578.0,0.22689377204198644,0,655.3333435058594,102.5
116574,1764855946640.0,0.3488378275958993,0,651.3333129882812,103.66667175292967
116580,1764855946828.5715,0.23356550311177207,0,648.1904907226562,101.09523664202008
116581,1764855946860.0,0.5740424105312405,0,647.6666870117188,100.66666412353516
116591,1764855947172.0,0.25619354298878166,0,662.3333129882812,132.33334350585938
116637,1764855948608.0,0.43824622108159317,0,653.6666870117188,88.33333587646484
116639,1764855948672.0,0.5515104200885381,0,658.3333740234375,91.33333587646484
116642,1764855948764.0,0.5010642678420931,0,661.6666259765625,63.33333206176758
116652,1764855949076.0,0.6356508713460182,0,673.6666870117188,115.33333587646484
116654,1764855949140.0,0.23005972852467138,0,664.3333740234375,87.33332824707031
116655,1764855949172.0,0.4579839333165468,0,665.0,87.33332824707031
116678,1764855949888.0,0.42051919780053604,0,684.0,114.33333587646484
116708,1764855950828.0,0.35812111657328005,0,540.3333129882812,364.3333435058594
116722,1764855951264.0,0.3695475897471169,0,552.3333129882812,400.0000305175781
116733,1764855951608.0,0.5010642678420931,0,558.3333129882812,364.3333435058594
116744,1764855951952.0,0.3488378275958993,0,568.3333129882812,385.3333129882813
116751,1764855952172.0,0.5148493737625819,0,570.3333129882812,363.3333129882813
116752,1764855952202.8572,0.20691526740937605,0,571.0475987025669,363.8095092773438
116761,1764855952484.0,0.3488378275958993,0,577.0,372.6666870117188
116766,1764855952640.0,0.46942566707651945,0,578.3333129882812,359.3333435058594
116767,1764855952671.0,0.20691526740937605,0,578.9583129882812,359.8333396911621
116775,1764855952920.0,0.3488378275958993,0,584.0,364.3333435058594
116780,1764855953076.0,0.46942566707651945,0,586.3333740234375,354.3333435058594
116786,1764855953264.0,0.3536723113240113,0,589.3333740234375,358.3333435058594
116845,1764855955108.0,0.4896989386215898,0,629.6666870117188,286.3333435058594
116863,1764855955668.0,0.38083815269111054,0,657.6666870117188,307.33331298828125
116870,1764855955888.0,0.5133864884433389,0,678.3333740234375,302.3333435058594
116873,1764855955980.0,0.42051919780053604,0,684.6666870117188,316.3333435058594
116972,1764855959073.0,0.45899981882751817,0,679.3333740234375,380.6666564941406
116984,1764855959448.0,0.5866758859085832,1,666.3333129882812,408.0
117008,1764855960200.0,0.3413340939193838,0,651.3333129882812,174.66665649414062
117025,1764855960729.0,0.20971360911304965,0,646.3333129882812,207.3333435058593
117026,1764855960760.0,0.5416045380882959,0,646.3333129882812,208.00001525878903
117051,1764855961541.0,0.2732835800986689,1,676.0,102.33333587646484
117052,1764855961573.0,0.26880625065406105,0,675.3333129882812,103.0
117088,1764855962697.0,0.4740148940611181,0,666.0,348.6666564941406
117108,1764855963321.0,0.6611529383736646,1,684.3333740234375,476.0
117139,1764855964290.0,0.23071817512058773,0,655.6666564941406,137.5
117140,1764855964320.0,0.5616058773898459,0,655.0,137.0
117143,1764855964416.0,0.4177235155400914,0,656.3333129882812,202.0
117159,1764855964916.0,0.40086431558871766,0,656.3333129882812,153.33334350585938
117166,1764855965134.5,0.21279893551834578,0,662.8333435058594,139.3333282470703
117167,1764855965165.0,0.5161821707037835,0,664.3333740234375,139.3333282470703
117173,1764855965352.0,0.4015479148423281,0,673.0,148.6666717529297
117180,1764855965572.0,0.23117488274788817,0,690.3333129882812,143.3333282470703
117181,1764855965604.0,0.5362582007604377,0,690.3333129882812,142.3333282470703
117193,1764855965977.0,0.20184982927847095,0,706.0,328.0
117199,1764855966164.0,0.5076719732268853,0,718.6666870117188,317.3333435058594
117273,1764855968477.0,0.20074457810788696,0,756.0,178.0
117274,1764855968508.0,0.40086431558871766,0,754.6666870117188,180.6666717529297
117289,1764855968976.0,0.429403127209321,0,752.3333129882812,132.6666717529297
117290,1764855969007.3845,0.23376172185047822,0,752.7948561448318,132.94872342623196
117369,1764855971476.0,0.20516876952978919,0,762.0,170.66665649414062
117370,1764855971508.0,0.5057563224547823,0,760.3333129882812,170.66665649414062
117383,1764855971913.0,0.20694416598169596,0,743.3333740234375,197.3333435058593
117399,1764855972413.0,0.5396200247196636,0,740.3333129882812,137.3333282470703
117412,1764855972820.0,0.4480969097602454,0,736.3333129882812,152.33334350585938
117414,1764855972881.0,0.31980590293092365,0,738.3333740234375,149.66665649414062
117449,1764855973973.0,0.21279893551834578,0,777.3333129882812,380.3333435058594
117450,1764855974005.0,0.5011675907148572,0,779.3333740234375,380.3333435058594
117490,1764855975256.0,0.5652187949309373,0,697.3333129882812,94.33333587646484
117509,1764855975848.0,0.398068633328273,0,657.0,177.0
117524,1764855976317.0,0.3465967951913611,0,654.3333740234375,120.99999237060548
117525,1764855976349.0,0.46841685547061834,0,657.0,121.33332824707033
117526,1764855976381.0,0.5133864884433389,1,658.3333740234375,120.99999237060548
117590,1764855978380.0,0.45899981882751817,0,640.3333129882812,152.33334350585938
117606,1764855978880.0,0.3488378275958993,0,629.3333740234375,180.3333282470703
117629,1764855979597.0,0.5692910624789845,0,631.3333740234375,124.99999237060548
117698,1764855981753.0,0.5396200247196636,0,716.3333129882812,123.66667175292967
117718,1764855982377.0,0.4337446721722705,0,713.0,170.3333282470703
117724,1764855982565.0,0.20595686280061765,0,713.0,139.3333282470703
117726,1764855982628.3333,0.23821952807398467,0,696.5555826822916,103.33332824707033
117727,1764855982660.0,0.5617201899299948,0,688.3333740234375,85.33332824707031
117728,1764855982689.0,0.2110066859438106,0,712.3333129882812,125.33332824707033
117741,1764855983097.0,0.5133864884433389,0,720.3333129882812,111.66667175292967
117773,1764855984097.0,0.2726631454237126,0,745.3333129882812,438.3333435058594
117777,1764855984221.0,0.21279893551834578,0,752.0,434.3333129882813
117778,1764855984253.0,0.5133864884433389,0,754.0,434.3333129882813
117789,1764855984597.0,0.21209776775901162,0,772.6666870117188,496.0
117790,1764855984625.0,0.6611529383736646,1,774.6666870117188,508.3333129882813
117812,1764855985313.0,0.45899981882751817,0,722.3333129882812,170.0
117825,1764855985721.0,0.42051919780053604,0,712.3333129882812,189.3333435058593
117845,1764855986345.0,0.5131412316998256,0,708.3333740234375,129.3333282470703
117852,1764855986562.3333,0.21209776775901162,0,704.8333638509115,132.00000762939453
117853,1764855986593.0,0.6328551890855736,0,704.3333740234375,132.33334350585938
117854,1764855986625.0,0.45099651701605536,0,678.3333740234375,85.66666412353516
117855,1764855986657.0,0.26215678451369606,0,683.3333740234375,97.66666221618652
117860,1764855986813.0,0.4177235155400914,0,696.3333129882812,137.3333282470703
117867,1764855987032.625,0.26196056577498994,0,678.8333129882812,124.20833492279051
117868,1764855987064.0,0.5617201899299948,0,676.3333129882812,122.33333587646484
117887,1764855987657.0,0.20964609897439704,0,654.0,340.3333435058594
117888,1764855987689.0,0.5057563224547823,0,653.3333740234375,340.3333435058594
117935,1764855989157.0,0.20766270067031356,0,719.6666870117188,124.33333587646484
117936,1764855989189.0,0.5133864884433389,0,721.0,124.33333587646484
117952,1764855989689.0,0.2638237089773383,0,734.6666870117188,167.3333282470703
117953,1764855989717.0,0.24744076362351078,0,734.6666870117188,166.3333282470703
117963,1764855990032.0,0.2013242477439257,0,738.6666870117188,118.66666412353516
117964,1764855990061.0,0.5144785183593013,0,745.0,121.33332824707033
117986,1764855990749.0,0.49074174246585595,0,717.6666870117188,59.33333206176758
118021,1764855991841.0,0.49532378393595433,0,616.6666870117188,362.6666870117188
118037,1764855992341.0,0.20516876952978919,0,584.0,298.3333435058594
118038,1764855992373.0,0.5057563224547823,0,581.3333740234375,298.3333435058594
118059,1764855993029.0,0.43094898991182584,0,542.3333129882812,438.3333435058594
118069,1764855993341.0,0.5057563224547823,0,517.3333129882812,410.3333435058594
118072,1764855993437.0,0.2189657175675034,0,510.3333129882813,414.3333129882813
118073,1764855993469.0,0.680457421323551,1,507.3333435058594,416.3333435058594
118096,1764855994185.0,0.5133864884433389,0,600.6666259765625,199.3333435058593
118103,1764855994405.0,0.40849448157727425,0,611.6666870117188,210.3333435058593
118118,1764855994873.0,0.46662998481607476,0,623.3333129882812,153.33334350585938
118131,1764855995277.0,0.4117031030485561,0,630.3333129882812,167.3333282470703
118145,1764855995717.0,0.2211176269224212,0,644.3333740234375,136.33334350585938
118146,1764855995749.0,0.38885111553678153,0,645.3333129882812,136.33334350585938
118147,1764855995777.0,0.509143733524196,0,647.3333129882812,137.0
118149,1764855995841.0,0.23071817512058773,0,671.3333435058594,125.83333206176758
118150,1764855995873.0,0.5390538830208824,0,669.6666870117188,125.66666412353516
118179,1764855996777.0,0.5076719732268853,0,748.6666870117188,362.3333435058594
118195,1764855997277.0,0.2951134262856401,0,816.6666259765625,474.0000305175781
118220,1764855998061.0,0.508552004715227,0,687.3333129882812,164.3333282470703
118223,1764855998153.0,0.2485269330194128,0,682.3333129882812,166.3333282470703
118232,1764855998433.0,0.40086431558871766,0,670.6666259765625,188.3333282470703
118250,1764855998997.0,0.5547379275813541,0,660.0,127.0
118327,1764856001401.7273,0.23071817512058773,0,655.8787675337358,129.36363913796166
118328,1764856001433.0,0.5492836567886001,0,655.3333129882812,124.33333587646484
118332,1764856001557.0,0.4215740777399352,0,659.3333740234375,176.3333282470703
118333,1764856001589.0,0.2095173903743435,0,660.0,170.3333282470703
118348,1764856002057.5,0.22123731908497302,0,682.8333206176758,121.50000286102296
118349,1764856002089.0,0.5424157069801083,0,686.3333129882812,118.33333587646484
118389,1764856003337.0,0.6680208881821564,1,604.0,446.0
118410,1764856003993.0,0.21279893551834578,0,626.6666564941406,278.33331298828125
118411,1764856004025.0,0.5133864884433389,0,628.0,278.33331298828125
118422,1764856004369.0,0.37438207347522884,0,638.6666259765625,308.3333435058594
118423,1764856004401.0,0.2016529305181606,0,640.3333129882812,306.3333435058594
118435,1764856004777.0,0.46662998481607476,0,645.3333129882812,254.6666717529297
118451,1764856005273.0,0.43094898991182584,0,652.6666870117188,284.0
118461,1764856005589.0,0.4076226842961338,0,656.3333129882812,249.9999847412109
118462,1764856005619.8572,0.20691526740937605,0,656.9523577008929,250.2857012067522
118473,1764856005961.0,0.2639425786531128,0,662.3333129882812,263.3333435058594
118474,1764856005993.0,0.24916435306060417,0,662.3333129882812,262.6666564941406
118536,1764856007929.0,0.4962297841139811,0,628.3333129882812,131.3333282470703
118553,1764856008461.0,0.48983925057430955,0,629.3333740234375,155.3333282470703
118554,1764856008493.0,0.5148493737625819,0,626.6666870117188,116.0
118555,1764856008523.0,0.23778234366778567,0,627.8333435058594,132.8333282470703
118556,1764856008553.0,0.3459773087157727,0,629.0,149.66665649414062
118565,1764856008837.0,0.5424157069801083,0,653.6666870117188,107.33333587646484
118632,1764856010929.0,0.46179550108796286,0,648.0,210.3333435058593
118650,1764856011493.0,0.25619354298878166,0,652.0,254.6666717529297
118651,1764856011521.0,0.203376519955254,0,652.0,253.66665649414065
118661,1764856011834.0,0.4962297841139811,0,653.3333740234375,227.6666717529297
118695,1764856012898.0,0.26196056577498994,0,663.1666717529297,65.16666603088379
118696,1764856012929.0,0.5589245076695502,0,663.6666870117188,63.0
118706,1764856013241.0,0.508552004715227,0,687.6666870117188,85.0
118738,1764856014241.0,0.4177235155400914,0,685.6666259765625,123.33333587646484
118868,1764856018301.0,0.3488378275958993,0,673.3333740234375,182.3333282470703
118889,1764856018957.0,0.2641267234333292,0,675.3333129882812,156.3333282470703
118890,1764856018988.24,0.21741291600637172,0,675.3125721571181,156.4236986626519
119113,1764856025954.76,0.2069913855599353,0,670.6873668077257,176.5763013373481
119114,1764856025986.0,0.4273871476090278,0,670.6666259765625,176.6666717529297
119129,1764856026454.0,0.34448693046333256,0,686.3333129882812,154.3333282470703
119146,1764856026985.0,0.4056987993168296,0,682.3333129882812,470.6666564941406
119152,1764856027173.5,0.23071817512058773,0,687.3333435058594,448.3333129882813
119153,1764856027205.0,0.5424157069801083,0,688.3333740234375,446.3333129882813
119160,1764856027422.0,0.5438802540999816,0,678.6666870117188,492.3333129882813
119167,1764856027642.0,0.2596493939887214,0,674.0,441.0
119204,1764856028798.0,0.4177235155400914,0,643.0,483.3333435058594
119212,1764856029046.0,0.369475711237466,0,631.3333740234375,464.3333435058594
119252,1764856030297.3333,0.21279893551834578,0,680.1111246744791,174.3333282470703
119253,1764856030329.0,0.49837190845441254,0,681.0,174.3333282470703
119264,1764856030673.0,0.40086431558871766,0,688.0,196.3333435058593
119283,1764856031266.0,0.5617201899299948,0,673.3333740234375,115.33333587646484
119284,1764856031297.2856,0.2581361626963886,0,676.3333740234375,120.1904776436942
119290,1764856031485.0,0.4412289599517536,0,694.3333740234375,149.3333282470703
119305,1764856031953.0,0.5424157069801083,1,673.6666870117188,115.33333587646484
119337,1764856032953.0,0.2951134262856401,0,668.3333740234375,336.33331298828125
119338,1764856032981.0,0.21359327408699352,0,668.3333740234375,333.66668701171875
119345,1764856033202.0,0.5267316624196365,0,669.3333740234375,313.3333435058594
119365,1764856033826.0,0.22636229981483885,0,674.3333740234375,418.0
119366,1764856033857.0,0.680457421323551,1,674.3333740234375,429.6666564941406
119389,1764856034577.0,0.5272859069039765,0,652.0,128.33334350585938
119390,1764856034608.25,0.26215678451369606,0,659.0833282470703,130.0833396911621
119406,1764856035106.0,0.40086431558871766,0,681.3333129882812,166.3333282470703
119424,1764856035670.0,0.5057563224547823,1,670.3333129882812,113.33332824707033
119458,1764856036733.0,0.20516876952978919,0,517.6666870117188,417.0
119459,1764856036762.0,0.5057563224547823,0,512.3333129882812,417.0
119493,1764856037826.0,0.47323769020086703,0,603.3333129882812,193.0
119496,1764856037918.0,0.49837190845441254,0,611.3333740234375,193.3333282470703
119501,1764856038074.0,0.37438207347522884,0,621.3333740234375,202.0
119517,1764856038574.0,0.5038599501025377,1,636.0,142.3333282470703
119528,1764856038918.0,0.5692910624789845,0,643.0,147.6666717529297
119572,1764856040294.0,0.6611529383736646,1,780.3333129882812,511.3333129882813
119595,1764856041010.0,0.21386293953041063,0,688.3333740234375,182.0
119603,1764856041262.0,0.4741552060138378,0,680.3333129882812,190.3333282470703
119604,1764856041293.5,0.21384508722807422,0,677.8333129882812,155.5
119605,1764856041325.0,0.5492836567886001,0,675.3333129882812,120.66667175292967
119606,1764856041354.0,0.2150831521039719,0,678.6666870117188,185.0
119629,1764856042073.75,0.23356550311177207,0,676.0555369059244,137.1944440205892
119630,1764856042105.0,0.5588101951294013,1,676.3333129882812,137.0
119689,1764856043946.0,0.4934341018535365,0,661.3333129882812,123.66667175292967
119703,1764856044386.0,0.398068633328273,0,641.0,180.6666717529297
119716,1764856044791.3333,0.22123731908497302,0,658.6666463216146,126.77777608235677
119717,1764856044822.0,0.5424157069801083,0,670.3333129882812,123.33333587646484
119780,1764856046789.0,0.5133864884433389,0,670.3333129882812,170.0
119782,1764856046854.0,0.3838617887936163,0,674.0,170.3333282470703
119788,1764856047042.0,0.3564679935844559,0,682.3333129882812,179.3333282470703
119800,1764856047416.0,0.23071817512058773,0,688.8333740234375,135.50000762939453
119801,1764856047446.0,0.5519422453209095,1,688.3333740234375,134.6666717529297
119824,1764856048166.0,0.20074457810788696,0,654.0,246.3333282470703
119825,1764856048198.0,0.40203947097961973,0,653.3333740234375,248.0
119866,1764856049478.0,0.20003253468175697,0,624.0,518.6666259765625
119867,1764856049510.0,0.4962297841139811,0,622.6666870117188,518.6666259765625
119896,1764856050414.0,0.20997659227241725,0,649.3333740234375,220.3333435058593
119904,1764856050666.0,0.5010642678420931,0,649.0,191.3333435058593
119911,1764856050882.0,0.2281544451971517,0,652.3333129882812,198.3333282470703
119912,1764856050914.0,0.4753086406058761,0,652.6666870117188,200.3333282470703
119913,1764856050946.0,0.20697713741958246,0,654.8333435058594,161.83333206176758
119914,1764856050978.0,0.5424157069801083,0,657.0,123.33333587646484
119915,1764856051006.0,0.20314405573229216,0,653.6666870117188,189.3333435058593
119925,1764856051321.0,0.23581664692163906,0,655.3333129882812,151.6666717529297
119926,1764856051350.0,0.5396200247196636,0,655.3333129882812,150.3333282470703
119934,1764856051602.0,0.2672408754552986,0,655.0,216.00001525878903
119935,1764856051634.0,0.22653680078825278,0,655.3333129882812,216.00001525878903
119942,1764856051850.0,0.492657393237959,0,666.3333129882812,156.3333282470703
119957,1764856052318.0,0.3564679935844559,0,724.6666870117188,214.3333282470703
119968,1764856052662.0,0.21279893551834578,0,748.3333740234375,185.3333282470703
119969,1764856052694.0,0.5133864884433389,0,750.3333129882812,185.3333282470703
119993,1764856053446.0,0.2536318643162768,0,796.0,336.33331298828125
120003,1764856053758.0,0.2070844203018922,0,830.6666259765625,312.33331298828125
120004,1764856053786.0,0.5076719732268853,0,834.6666870117188,312.33331298828125
120025,1764856054442.0,0.20081484128274915,0,905.3333129882812,446.3333129882813
120030,1764856054598.0,0.5076719732268853,0,932.0,440.0
120070,1764856055850.0,0.20516876952978919,0,706.3333129882812,126.33332824707033
120071,1764856055882.0,0.5057563224547823,0,702.3333129882812,126.33332824707033
120073,1764856055942.0,0.32912415296144726,0,696.0,127.33333587646484
120087,1764856056382.0,0.40086431558871766,0,663.3333740234375,161.0
120099,1764856056754.0,0.5028968348367975,0,665.3333129882812,126.33332824707033
120144,1764856058162.0,0.21156174974650005,0,740.0,480.3333435058594
120145,1764856058194.0,0.5076719732268853,0,742.0,480.3333435058594
120179,1764856059254.0,0.34199299932280813,0,622.3333129882812,174.3333282470703
120188,1764856059534.0,0.3460421453354547,0,606.3333740234375,186.3333435058593
120212,1764856060286.0,0.49074174246585595,0,585.0,135.6666717529297
120282,1764856062470.0,0.21279893551834578,0,648.3333740234375,141.66665649414062
120283,1764856062502.0,0.5076719732268853,0,650.0,141.3333282470703
120297,1764856062942.0,0.40086431558871766,0,672.3333129882812,174.3333282470703
120310,1764856063346.0,0.23082749244657916,1,678.3333740234375,124.0
120311,1764856063378.0,0.5396200247196636,0,677.6666870117188,123.33333587646484
120401,1764856066190.0,0.5464879745281555,1,613.6666259765625,137.0
120490,1764856068970.0,0.22506238953904983,1,695.3333129882812,136.33334350585938
120491,1764856069000.0,0.28791451486524133,0,698.4999694824219,136.33334350585938
120492,1764856069030.0,0.5415070661452053,0,701.6666259765625,136.33334350585938
120869,1764856080810.0,0.5266103363631118,0,684.0,114.0
120878,1764856081090.8,0.2022258349395602,0,683.4000366210937,114.30000228881836
120879,1764856081122.0,0.4654208816585801,0,683.3333740234375,114.33333587646484
120886,1764856081339.875,0.20760120605997556,0,678.9583740234375,89.24999809265137
120958,1764856083590.0,0.4934341018535365,0,955.6666259765624,553.0
120959,1764856083619.0,0.2053649882684953,0,949.0,553.3333129882812
120971,1764856083995.0,0.5438802540999816,0,855.3333129882812,628.3333129882812
120979,1764856084246.0,0.21386293953041063,0,839.3333740234375,570.0
120980,1764856084275.0,0.20938561008580278,0,838.0,570.6666870117188
120984,1764856084402.0,0.6224295741131102,0,832.0,616.3333740234375
120985,1764856084431.0,0.20384695163288497,0,832.3333129882812,608.6666259765625
120995,1764856084746.0,0.5424157069801083,0,839.3333740234375,536.0
120996,1764856084776.8333,0.22689377204198644,0,839.1667073567709,537.6111145019531
121001,1764856084931.0,0.22866221714216484,0,838.3333740234375,545.6666870117188
121052,1764856086526.0,0.5091181464140082,0,785.3333129882812,496.3333435058594
121067,1764856086994.0,0.6224295741131102,0,768.0,584.3333740234375
121068,1764856087026.0,0.20384695163288497,0,768.3333740234375,578.3333129882812
121100,1764856088026.0,0.4099115911529817,0,774.3333740234375,500.3333435058594
121101,1764856088056.6667,0.23091439385929388,0,774.0555928548177,501.0555674235026
121114,1764856088463.0,0.21638534018283528,0,760.6666259765625,578.3333129882812
121115,1764856088494.0,0.2417388084276521,0,761.0,578.3333129882812
121129,1764856088931.0,0.5424157069801083,0,769.3333740234375,506.6666564941406
121130,1764856088962.2,0.22689377204198644,0,769.1333740234375,507.9333251953125
121142,1764856089338.0,0.6224295741131102,0,761.0,584.3333740234375
121143,1764856089369.0,0.20384695163288497,0,762.1111246744791,576.0000203450521
121163,1764856089994.0,0.5424157069801083,0,764.3333740234375,529.6666870117188
121171,1764856090243.0,0.4725456857933544,0,762.0,572.6666870117188
121179,1764856090491.0,0.20470608286507097,0,762.6666870117188,535.6666870117188
121229,1764856092055.0,0.4412289599517536,0,761.3333129882812,554.3333129882812
121268,1764856093271.0,0.5010642678420931,0,756.6666259765625,252.66665649414065
121284,1764856093770.0,0.6583572561132199,1,756.3333129882812,356.6666564941406
121300,1764856094271.0,0.5057563224547823,0,584.3333740234375,186.3333435058593
121302,1764856094335.0,0.38465060390328015,0,581.6666870117188,187.3333282470703
121303,1764856094367.0,0.46712748562321443,0,580.3333129882812,187.6666717529297
121322,1764856094958.0,0.45899981882751817,1,558.6666259765625,101.66666412353516
121413,1764856097803.0,0.492657393237959,0,710.3333129882812,354.0
121435,1764856098491.0,0.20516876952978919,0,347.6666564941406,273.6666564941406
121436,1764856098519.0,0.508552004715227,0,345.33331298828125,273.0
121456,1764856099147.0,0.24717629829068566,0,718.3333740234375,480.3333435058594
121457,1764856099175.0,0.5492836567886001,0,718.3333740234375,477.3333435058594
121462,1764856099334.0,0.5487147378280935,0,729.3333740234375,520.0
121473,1764856099675.0,0.5038599501025377,0,752.3333129882812,472.3333129882813
121507,1764856100739.0,0.42051919780053604,0,789.3333740234375,531.3333129882812
121508,1764856100771.0,0.2022258349395602,0,788.3333740234375,530.3333129882812
121528,1764856101394.0,0.5396200247196636,0,781.3333129882812,493.6666564941406
121542,1764856101831.0,0.44267006338766474,0,768.0,582.6666259765625
121543,1764856101863.0,0.21751300870714113,0,768.0,579.3333129882812
121557,1764856102299.0,0.4962297841139811,0,776.3333129882812,507.3333129882813
121569,1764856102675.0,0.21146871500454317,0,772.3333129882812,579.1666564941406
121570,1764856102707.0,0.6224295741131102,0,772.3333129882812,581.3333129882812
121590,1764856103331.7058,0.22669755330328029,0,774.7059003044577,542.2353120691636
121591,1764856103363.0,0.5519422453209095,0,774.6666870117188,541.6666870117188
121595,1764856103487.0,0.4412289599517536,0,774.3333740234375,581.6666870117188
121650,1764856105203.7693,0.23356550311177207,0,768.4679882342999,551.6217745267428
121651,1764856105235.0,0.5616058773898459,0,768.3333740234375,551.3333129882812
121693,1764856106547.0,0.20766270067031356,0,782.6666870117188,262.6666564941406
121694,1764856106579.0,0.5133864884433389,0,784.0,262.6666564941406
121709,1764856107047.0,0.6583572561132199,1,788.6666870117188,356.0
121726,1764856107579.0,0.20964609897439704,0,617.0,186.3333435058593
121727,1764856107611.0,0.49074174246585595,0,616.3333740234375,186.3333435058593
121729,1764856107675.0,0.20042830476690982,0,613.6666259765625,187.3333282470703
121770,1764856108955.0,0.4177235155400914,0,686.3333129882812,138.3333282470703
121791,1764856109611.7273,0.23071817512058773,0,663.4242220791904,66.74242279746316
121792,1764856109643.0,0.5396200247196636,0,662.3333129882812,63.33333206176758
121794,1764856109703.0,0.24000749639526453,0,645.6666259765625,123.33333587646484
121815,1764856110359.0,0.5084491770871364,0,653.3333740234375,63.33333206176758
121847,1764856111359.0,0.4273871476090278,0,669.6666870117188,120.33333587646484
121848,1764856111390.2,0.20679516682122914,0,670.333349609375,119.2000015258789
121884,1764856112515.0,0.22669755330328029,0,678.6666870117188,86.0
121885,1764856112547.0,0.5519422453209095,0,678.3333740234375,85.66666412353516
121935,1764856114107.0,0.23117488274788817,0,697.0,123.66667175292967
121936,1764856114139.0,0.5519422453209095,0,696.3333129882812,123.33333587646484
121961,1764856114919.0,0.4412289599517536,0,675.3333129882812,141.3333282470703
122067,1764856118231.7476,0.22669755330328029,0,707.0342475677205,114.9158852835682
122068,1764856118263.0,0.5547379275813541,0,707.3333129882812,114.66666412353516
122081,1764856118667.0,0.3488378275958993,0,693.3333740234375,122.33333587646484
122153,1764856120919.7124,0.22669755330328029,0,688.4018671741225,85.51141555995157
122154,1764856120951.0,0.5519422453209095,0,688.3333740234375,85.0
122201,1764856122419.0,0.4273871476090278,0,644.3333740234375,124.33333587646484
122202,1764856122447.0,0.21638534018283528,0,644.3333740234375,123.33333587646484
122235,1764856123479.0,0.3730852554087152,0,678.3333740234375,106.33333587646484
122359,1764856127352.7656,0.22220585174272547,0,559.5908451474946,534.1517443426724
122360,1764856127384.0,0.508552004715227,0,559.3333740234375,533.6666870117188
122361,1764856127415.0,0.24229640325211238,0,559.6666870117188,535.6666870117188
122424,1764856129383.0,0.23505289135558988,0,516.6666870117188,520.3333129882812
122449,1764856130164.0,0.5161821707037835,0,524.0,252.3333435058593
122464,1764856130635.0,0.6776617390631064,1,558.6666259765625,343.3333435058594
122478,1764856131071.0,0.2070844203018922,0,678.3333740234375,197.66665649414065
122479,1764856131103.0,0.3738554880723223,0,682.0,197.66665649414065
122513,1764856132163.0,0.5492836567886001,0,673.0,61.66666793823242
122522,1764856132444.0,0.6611529383736646,0,684.0,114.0
122525,1764856132539.0,0.20470608286507097,0,645.3333129882812,63.66666793823242
122538,1764856132944.0,0.4926349328347542,0,692.3333129882812,132.33334350585938
122539,1764856132975.0,0.2595233893506825,0,619.0,107.66667175292967
122540,1764856133006.25,0.26215678451369606,0,637.25,111.58333778381346
122543,1764856133100.0,0.25466685231199865,0,692.0,123.33333587646484
122546,1764856133195.3333,0.21279893551834578,0,696.1111043294271,122.66666412353516
122683,1764856137475.0,0.6127659420441738,0,502.6666564941406,546.6666870117188
122711,1764856138349.0,0.21279893551834578,0,484.6666666666667,264.3333435058594
122712,1764856138380.0,0.49837190845441254,0,486.0,264.3333435058594
122724,1764856138756.0,0.2433401584134138,0,509.3333435058594,344.0
122725,1764856138787.0,0.6776617390631064,1,512.3333129882812,354.3333435058594
122741,1764856139287.0,0.5076719732268853,0,764.0,193.3333282470703
122744,1764856139380.0,0.5430002226116399,0,779.3333740234375,196.3333435058593
122789,1764856140787.0,0.4934341018535365,0,725.6666259765625,59.0
122811,1764856141472.0,0.40086431558871766,0,662.3333129882812,172.6666717529297
122821,1764856141784.0,0.5079814239540901,0,673.6666870117188,105.0
122822,1764856141816.0,0.23091439385929388,0,663.0,114.66666793823242
122824,1764856141879.0,0.20679516682122914,0,652.3333129882812,122.0
122833,1764856142160.7778,0.23071817512058773,0,673.481458875868,108.66666920979816
122834,1764856142192.0,0.5424157069801083,0,676.3333129882812,107.33333587646484
122850,1764856142691.0,0.25171621354417384,0,633.0,163.3333282470703
122861,1764856143036.0,0.22676295404762928,0,626.6666870117188,135.3333282470703
122864,1764856143128.0,0.24030834848219387,0,666.3333129882812,105.33332824707033
122865,1764856143160.0,0.5396200247196636,0,666.3333129882812,105.0
122879,1764856143596.0,0.2433401584134138,0,616.3333740234375,153.33334350585938
122880,1764856143628.0,0.5119394157846406,0,616.0,156.3333282470703
122881,1764856143660.0,0.20697713741958246,0,627.5,120.99999618530272
122882,1764856143692.0,0.5424157069801083,0,639.0,85.66666412353516
122888,1764856143879.0,0.26869327628843154,0,610.3333129882812,142.3333282470703
122891,1764856143972.0,0.2639305046946231,0,661.0,102.66666412353516
122892,1764856144004.0,0.5424157069801083,0,661.3333129882812,102.66666412353516
122899,1764856144223.0,0.214955030825067,0,612.3333129882812,138.3333282470703
123086,1764856150063.75,0.22669755330328029,0,602.4374809265137,86.50000238418579
123087,1764856150095.0,0.5362582007604377,0,602.3333129882812,86.33333587646484
123134,1764856151564.0,0.3488378275958993,0,619.6666870117188,121.66666412353516
123173,1764856152780.8215,0.22669755330328029,0,662.0952584402902,63.36904770987374
123174,1764856152812.0,0.5547379275813541,0,663.6666870117188,63.0
123197,1764856153532.0,0.5406700436838381,0,652.6666870117188,142.3333282470703
123198,1764856153563.0,0.21044215446365439,0,653.6666870117188,138.3333282470703
123200,1764856153624.0,0.5424157069801083,0,663.0,65.0
123229,1764856154528.762,0.23071817512058773,0,649.2698596772693,86.93650563557944
123230,1764856154560.0,0.5424157069801083,0,649.6666870117188,85.66666412353516
123238,1764856154812.0,0.2859565696203004,0,637.0,149.3333282470703
123401,1764856159904.0,0.40086431558871766,0,674.0,173.33334350585938
123415,1764856160340.0,0.5424157069801083,0,684.0,114.33333587646484
123451,1764856161464.0,0.2692941075036652,0,638.3333129882812,146.3333282470703
123452,1764856161496.0,0.680457421323551,0,637.6666870117188,150.3333282470703
123466,1764856161932.8572,0.23071817512058773,0,643.3095615931919,73.9523811340332
123467,1764856161964.0,0.5424157069801083,0,643.3333740234375,71.0
123478,1764856162308.0,0.4480969097602454,0,635.3333129882812,154.3333282470703
123540,1764856164244.0,0.3771058772260226,0,638.3333129882812,73.66666412353516
123582,1764856165556.0,0.6611529383736646,1,921.3333129882812,516.0
123584,1764856165620.0,0.21037038400777847,0,916.0,469.3333129882813
123609,1764856166400.0,0.471322039428764,0,774.3333740234375,147.3333282470703
123625,1764856166900.0,0.2751783036415242,0,744.6666870117188,180.3333282470703
123626,1764856166932.0,0.2016529305181606,0,743.0,179.3333282470703
123645,1764856167524.0,0.5492836567886001,0,732.0,124.33333587646484
123648,1764856167620.0,0.4412289599517536,0,733.3333740234375,130.0
123701,1764856169276.6956,0.2123435120149033,0,706.9130235754925,121.3405746791674
123702,1764856169308.0,0.5495347503704656,0,706.3333129882812,121.33332824707033
123706,1764856169432.0,0.2869454098379665,0,702.6666870117188,150.3333282470703
123707,1764856169464.0,0.5079814239540901,1,707.0,122.66666412353516
123708,1764856169494.0,0.23091439385929388,0,703.5,136.4999961853027
123709,1764856169524.0,0.25619354298878166,0,700.0,150.3333282470703
123715,1764856169712.0,0.5492836567886001,0,694.3333740234375,133.3333282470703
123716,1764856169742.6667,0.23376172185047822,0,695.3333536783854,136.3333282470703
123721,1764856169900.0,0.5926965316766564,0,699.0,156.3333282470703
123722,1764856169932.0,0.2051382410113275,0,699.3333740234375,151.3333282470703
123724,1764856169992.0,0.21755004673384584,0,703.6666870117188,110.0
123753,1764856170900.0,0.3488378275958993,0,678.3333740234375,156.0
123758,1764856171056.0,0.5424157069801083,0,675.0,139.3333282470703
123759,1764856171087.0,0.22689377204198644,0,675.3333282470703,140.58333206176758
123763,1764856171212.0,0.28560415189052546,0,677.6666870117188,149.66665649414062
123771,1764856171460.0,0.20162052037670292,0,682.3333129882812,137.3333282470703
123776,1764856171616.0,0.4316920340661689,0,678.3333740234375,85.66666412353516
123777,1764856171647.4285,0.23091439385929388,0,678.5238473074777,88.52380698067802
123799,1764856172336.0,0.3488378275958993,0,673.3333740234375,156.3333282470703
123816,1764856172868.0,0.20582846964431928,0,681.0,137.66665649414062
123839,1764856173584.7058,0.20995289165101938,0,695.3333129882812,85.35293623980354
123840,1764856173616.0,0.5624231126704927,0,695.3333129882812,85.33332824707031
123861,1764856174272.0,0.5148493737625819,0,674.3333740234375,115.33333587646484
123862,1764856174303.4285,0.2114069689699309,0,676.2857491629464,115.9047644478934
123885,1764856175024.0,0.6611529383736646,0,682.3333129882812,149.66665649414062
123887,1764856175084.0,0.23025594726337753,0,673.6666870117188,115.66667175292967
123930,1764856176428.8,0.2001234357514435,0,677.5110921223958,128.13334325154622
123931,1764856176460.0,0.4794136356018462,0,677.3333129882812,128.33334350585938
123946,1764856176928.0,0.2078589194090197,0,683.6666870117188,77.66666412353516
123988,1764856178240.5,0.21783809138576732,0,427.66664886474615,472.9583396911621
123989,1764856178272.0,0.680457421323551,1,425.3333129882813,481.3333435058594
124030,1764856179552.0,0.5079814239540901,0,659.3333740234375,239.3333435058593
124031,1764856179583.2727,0.22689377204198644,0,659.0606412020596,240.30303816361857
124115,1764856182208.0,0.5133864884433389,0,691.0,82.33333587646484
124148,1764856183236.889,0.2433401584134138,0,438.99998304579,420.6666497124567
124149,1764856183268.0,0.680457421323551,1,433.3333129882813,424.3333129882813
124172,1764856183988.0,0.2070844203018922,0,604.6666870117188,185.3333282470703
124173,1764856184020.0,0.5076719732268853,0,608.0,185.3333282470703
124181,1764856184269.0,0.4056987993168296,0,626.3333740234375,195.6666717529297
124216,1764856185364.0,0.49074174246585595,0,629.3333740234375,119.66667175292967
124236,1764856185988.0,0.3488378275958993,0,612.3333129882812,183.3333435058593
124250,1764856186424.0,0.5547379275813541,0,608.3333129882812,154.3333282470703
124251,1764856186455.0,0.23137110148659432,0,608.3333129882812,154.8333282470703
124472,1764856193360.0,0.27797398590196887,0,662.3333129882812,263.3333435058594
124500,1764856194233.0,0.23071817512058773,0,650.6666259765625,208.3333282470703
124501,1764856194264.0,0.5396200247196636,0,649.3333740234375,206.3333282470703
124503,1764856194328.0,0.5863096370904776,0,600.3333129882812,246.3333282470703
124504,1764856194359.2,0.2282213924787954,0,608.1333251953125,237.73332824707032
124508,1764856194484.0,0.35049095058472346,0,639.3333740234375,203.3333282470703
124509,1764856194516.0,0.20195580670540972,0,636.6666870117188,205.3333282470703
124513,1764856194640.0,0.42051919780053604,0,650.0,227.3333282470703
124517,1764856194765.0,0.36311453683257094,0,621.3333740234375,211.3333282470703
124671,1764856199577.0,0.4682165639190247,0,652.3333129882812,96.33332824707033
124683,1764856199949.0,0.26458941009804743,0,649.3333740234375,90.0
124684,1764856199981.0,0.5057563224547823,0,648.3333740234375,90.0
124687,1764856200076.0,0.36675190748667225,0,645.6666259765625,92.66666412353516
124694,1764856200293.0,0.5492836567886001,0,637.3333129882812,71.66666412353516
124695,1764856200324.2727,0.23376172185047822,0,637.8787730823864,75.3636342828924
124704,1764856200605.7273,0.2069913855599353,0,642.7879139293324,108.6363657171076
124705,1764856200637.0,0.6320704249940602,0,643.3333740234375,112.33333587646484
124724,1764856201232.0,0.5492836567886001,0,649.3333740234375,63.66666793823242
124725,1764856201263.2144,0.23376172185047822,0,650.3095615931919,65.30952535356793
124756,1764856202229.8572,0.21024111282678662,0,660.5714111328125,96.11904253278462
124757,1764856202261.0,0.4398236807504225,0,660.3333129882812,96.33332824707033
125228,1764856216977.0,0.3722713934979106,0,778.6666870117188,501.6666870117188
125244,1764856217477.0,0.24621613787226,0,770.0,582.3333129882812
125245,1764856217505.0,0.2417388084276521,0,770.3333129882812,580.3333129882812
125259,1764856217945.0,0.5424157069801083,0,775.3333129882812,509.3333435058594
125273,1764856218381.0,0.21658155892154143,0,769.0,584.3333740234375
125274,1764856218413.0,0.6196338918526656,0,769.3333740234375,585.0
125279,1764856218569.0,0.21287649855053184,0,772.6666870117188,550.3333129882812
125336,1764856220349.0,0.42051919780053604,0,772.6666870117188,559.3333129882812
125373,1764856221505.0,0.5010642678420931,0,775.3333129882812,267.33331298828125
125387,1764856221941.0,0.6583572561132199,1,780.6666259765625,356.0
125403,1764856222441.0,0.20516876952978919,0,596.0,194.3333435058593
125404,1764856222473.0,0.508552004715227,0,593.0,194.3333435058593
125406,1764856222537.0,0.3823434181739759,0,590.3333129882812,196.3333435058593
125407,1764856222565.0,0.46992316788365907,0,588.3333129882812,197.66665649414065
125422,1764856223037.0,0.2641267234333292,0,615.6666259765625,88.33333587646484
125423,1764856223068.111,0.23091439385929388,0,613.1481085883247,89.25926166110568
125439,1764856223565.889,0.2433401584134138,0,572.851830376519,104.07407421535916
125440,1764856223597.0,0.6549553542959046,0,570.3333129882812,105.0
125441,1764856223629.0,0.23717715007943893,0,613.0,65.33333587646484
125442,1764856223661.0,0.23091439385929388,0,615.0,71.33333587646484
125506,1764856225661.0,0.20048924230905737,0,683.3333740234375,114.0
125544,1764856226845.0,0.37438207347522884,0,706.3333129882812,116.0
125557,1764856227253.0,0.5133864884433389,0,716.3333129882812,113.33332824707033
125563,1764856227441.5715,0.2001234357514435,0,721.7619192940848,115.90476335797992
125843,1764856236185.0,0.5010642678420931,0,518.0,260.0
125844,1764856236217.0,0.21299515425705193,0,520.3333129882812,260.6666564941406
125856,1764856236593.0,0.21783809138576732,0,546.6666870117188,336.0
125857,1764856236625.0,0.6776617390631064,1,550.0,345.3333435058594
125873,1764856237125.0,0.3941027160573137,0,716.6666259765625,180.0
125874,1764856237154.0,0.2738218082714295,0,720.6666259765625,180.3333282470703
125875,1764856237186.0,0.3824654472404906,0,724.3333740234375,180.0
125876,1764856237217.0,0.3479577961075577,0,727.3333129882812,180.6666717529297
125980,1764856240465.0,0.24229640325211238,0,630.6666259765625,537.3333129882812
125981,1764856240497.0,0.5203036445553357,0,631.3333740234375,536.3333129882812
125982,1764856240528.0,0.22689377204198644,0,629.5833740234375,536.8333129882812
125989,1764856240749.0,0.45910314170028227,0,606.3333740234375,538.3333129882812
126376,1764856252837.0,0.21681955733565322,0,520.0,248.3333282470703
126377,1764856252869.0,0.5133864884433389,0,521.3333740234375,248.3333282470703
126391,1764856253306.0,0.6575724920217066,1,552.3333129882812,348.0
126392,1764856253337.0,0.2997666556380931,0,566.3333740234375,340.0
126406,1764856253774.0,0.2070844203018922,0,736.6666259765625,204.6666717529297
126407,1764856253806.0,0.5076719732268853,0,742.3333129882812,204.6666717529297
126410,1764856253898.0,0.5430002226116399,0,756.0,208.00001525878903
126435,1764856254681.0,0.2686100319153549,0,759.3333740234375,119.33333587646484
126436,1764856254710.0,0.5057563224547823,0,752.3333129882812,119.33333587646484
126463,1764856255554.0,0.24255935687883418,0,505.0,289.3333435058594
126471,1764856255805.0,0.5057563224547823,0,445.3333129882813,275.6666564941406
126572,1764856258958.0,0.5175079622948912,0,682.6666870117188,89.0
126573,1764856258989.75,0.20377680298137427,0,681.0833435058594,89.41666793823242
126611,1764856260178.0,0.4412289599517536,0,632.3333129882812,132.33334350585938
126716,1764856263458.0,0.23994575036065222,0,649.6666870117188,95.0
127075,1764856274674.0,0.45899981882751817,0,770.3333129882812,495.3333129882813
127090,1764856275142.0,0.6224295741131102,0,762.6666870117188,585.3333129882812
127091,1764856275170.0,0.20145633126900106,0,764.0,578.0
127103,1764856275546.0,0.46662998481607476,0,768.6666870117188,512.3333129882812
127116,1764856275954.0,0.24000749639526453,0,769.0,582.3333129882812
127117,1764856275984.0,0.20679516682122914,0,769.6666564941406,581.3333129882812
127175,1764856277794.772,0.22669755330328029,0,764.7836453621848,556.9590239943119
127176,1764856277826.0,0.5390538830208824,0,764.6666870117188,556.6666259765625
127177,1764856277858.0,0.2951134262856401,0,765.3333129882812,558.3333740234375
127216,1764856279078.0,0.20766270067031356,0,766.0,274.6666564941406
127217,1764856279106.0,0.5161821707037835,0,768.3333740234375,274.6666564941406
127231,1764856279546.0,0.6583572561132199,1,770.0,360.3333129882813
127245,1764856279982.0,0.20516876952978919,0,611.3333740234375,208.3333282470703
127246,1764856280014.0,0.5057563224547823,0,609.3333740234375,208.3333282470703
127250,1764856280138.0,0.541084571839537,0,603.3333129882812,212.3333435058593
127275,1764856280919.0,0.23071817512058773,0,634.9166717529297,101.75000476837155
127276,1764856280950.0,0.5396200247196636,0,633.0,99.66667175292967
127337,1764856282858.0,0.21279893551834578,0,684.0,168.3333282470703
127338,1764856282886.0,0.5161821707037835,0,686.0,168.3333282470703
127346,1764856283138.0,0.40086431558871766,0,694.3333740234375,178.66665649414062
127370,1764856283886.0,0.5076719732268853,1,731.0,107.66667175292967
127442,1764856286138.0,0.3460421453354547,0,689.6666870117188,128.33334350585938
127448,1764856286323.1428,0.23758612492907952,0,666.2380807059152,112.90476553780692
127449,1764856286354.0,0.3429859069302059,0,662.3333129882812,110.33333587646484
127451,1764856286418.0,0.24837653667147094,0,674.3333740234375,154.3333282470703
127452,1764856286450.0,0.3781700647160014,0,660.0,105.33332824707033
127454,1764856286510.0,0.4284161768264282,0,670.3333129882812,163.3333282470703
127455,1764856286542.0,0.5617201899299948,0,663.0,103.33333587646484
127474,1764856287134.0,0.29258806304855534,0,684.3333740234375,98.66667175292967
127475,1764856287166.0,0.2502550188683201,0,685.6666259765625,99.0
127526,1764856288762.0,0.6611529383736646,1,925.3333129882812,509.3333435058594
127527,1764856288790.0,0.21383090025872112,0,918.0,494.6666870117188
127548,1764856289446.0,0.49659946578944264,0,678.3333740234375,206.3333282470703
127553,1764856289602.0,0.20042830476690982,0,664.3333740234375,207.3333435058593
127567,1764856290042.0,0.2220721001465516,1,648.3333740234375,153.33334350585938
127573,1764856290230.0,0.5424157069801083,0,683.6666870117188,114.0
127583,1764856290542.0,0.20444753570432028,0,632.0,160.3333282470703
127584,1764856290574.0,0.4935374247263006,0,630.3333129882812,160.3333282470703
127590,1764856290758.0,0.3460421453354547,0,622.3333129882812,171.3333282470703
127593,1764856290854.0,0.20516876952978919,0,617.7777913411459,170.3333282470703
127594,1764856290886.0,0.49074174246585595,0,616.3333740234375,170.3333282470703
127604,1764856291198.0,0.20444753570432028,0,602.3333129882812,180.3333282470703
127605,1764856291227.0,0.4935374247263006,0,600.3333129882812,180.3333282470703
127614,1764856291510.0,0.2968491009457011,0,587.0,190.3333282470703
127616,1764856291570.0,0.20973336998737913,0,583.3333129882812,191.3333435058593
127617,1764856291602.0,0.49074174246585595,0,582.3333129882812,190.6666717529297
127845,1764856298726.7424,0.2123435120149033,0,457.7484929433126,225.7864321406016
127846,1764856298758.0,0.44636351752454256,0,457.6666564941406,225.6666717529297
127847,1764856298787.0,0.364521872156371,0,459.0,227.6666717529297
127876,1764856299694.0,0.5133864884433389,0,468.3333129882813,181.66665649414065
127956,1764856302194.0,0.40086431558871766,0,581.6666870117188,481.6666870117188
127963,1764856302411.0,0.4962297841139811,0,583.3333129882812,450.3333129882813
127970,1764856302631.0,0.203376519955254,0,584.3333740234375,497.3333435058594
127971,1764856302662.0,0.2393481880637682,0,584.3333740234375,496.3333435058594
128054,1764856305255.0,0.46053344290164006,0,550.3333129882812,547.0
128055,1764856305286.1428,0.23116960766713956,0,552.5714111328125,546.2857142857143
128068,1764856305691.0,0.5133864884433389,0,581.6666870117188,537.0
128107,1764856306910.0,0.3460421453354547,0,562.3333129882812,553.3333129882812
128188,1764856309439.0,0.4741177216892086,0,538.3333129882812,491.3333129882813
128324,1764856313687.7646,0.2001234357514435,0,513.1862743602079,548.578431522145
128325,1764856313719.0,0.6127659420441738,0,513.0,549.0
128352,1764856314563.0,0.21681955733565322,0,512.3333129882812,274.0
128353,1764856314595.0,0.5076719732268853,0,514.0,274.0
128366,1764856314999.0,0.25564326768224144,0,548.0,359.3333435058594
128367,1764856315031.0,0.6776617390631064,1,550.6666259765625,372.3333129882813
128368,1764856315063.0,0.22622873428635182,0,567.3333129882812,352.33331298828125
128381,1764856315470.0,0.20194818545385998,0,728.0,202.66665649414065
128382,1764856315499.0,0.5076719732268853,0,734.0,202.66665649414065
128384,1764856315562.0,0.3781472735771627,0,743.3333740234375,203.3333282470703
128388,1764856315687.0,0.5457959048720846,0,760.0,210.66665649414065
128413,1764856316467.0,0.2248734359075683,0,737.3333129882812,115.33333587646484
128414,1764856316499.0,0.5057563224547823,0,728.3333740234375,115.33333587646484
128472,1764856318312.0,0.2190627171370181,0,693.8333587646484,106.5833339691162
128473,1764856318343.0,0.5119394157846406,0,693.3333740234375,111.33333587646484
128478,1764856318499.8,0.22669755330328029,0,704.06669921875,93.3999969482422
128479,1764856318531.0,0.5547379275813541,0,704.3333740234375,92.66666412353516
128480,1764856318563.0,0.4277575702829693,0,696.0,140.33334350585938
128481,1764856318594.1667,0.20384695163288497,0,698.1111145019531,131.7777862548828
128486,1764856318750.0,0.22294277460477996,0,708.6666870117188,89.0
128487,1764856318779.0,0.39738850414728266,0,697.6666870117188,91.33333587646484
128489,1764856318843.0,0.5424157069801083,0,706.3333129882812,86.66667175292969
128492,1764856318935.0,0.680457421323551,0,682.3333129882812,146.3333282470703
128493,1764856318967.0,0.2299824218054366,0,686.3333282470703,133.66666412353516
128500,1764856319187.8,0.20547556220641153,0,694.6000244140625,95.4000030517578
128501,1764856319219.0,0.5624231126704927,0,693.6666870117188,95.33333587646484
128764,1764856327435.0,0.2070844203018922,0,826.0,416.3333435058594
128765,1764856327463.0,0.5076719732268853,0,836.3333129882812,416.3333435058594
128769,1764856327591.0,0.492657393237959,0,870.6666259765625,418.6666564941406
128806,1764856328747.0,0.5001233977530637,0,834.3333740234375,628.3333129882812
128808,1764856328807.0,0.3483844151229928,0,836.3333129882812,616.3333740234375
128809,1764856328838.2727,0.23091439385929388,0,836.1515003551136,617.6060957475142
128820,1764856329183.0,0.6224295741131102,0,832.0,641.3333129882812
128821,1764856329215.0,0.20384695163288497,0,833.3333740234375,632.0
128844,1764856329931.0,0.20535550731349636,0,834.0,560.0
128851,1764856330151.0,0.2641267234333292,0,844.3333740234375,544.3333129882812
128852,1764856330182.238,0.21741291600637172,0,843.3809930710565,544.4761701311384
128872,1764856330807.0,0.39460654647947924,0,824.3333740234375,547.3333129882812
128904,1764856331807.0,0.5424157069801083,0,801.0,494.6666870117188
128918,1764856332243.0,0.2001234357514435,0,785.1666870117188,578.0
128919,1764856332275.0,0.6224295741131102,0,784.3333740234375,580.0
128932,1764856332683.0,0.4962297841139811,0,791.3333129882812,512.3333129882812
128947,1764856333151.0,0.3460421453354547,0,790.0,582.3333129882812
128999,1764856334775.6924,0.22669755330328029,0,786.7371391883263,551.7948514498197
129000,1764856334807.0,0.5616058773898459,0,786.6666259765625,551.3333129882812
129009,1764856335087.0,0.2046007651960514,0,792.3333129882812,563.3333435058594
129010,1764856335119.0,0.4177235155400914,0,792.3333129882812,564.0
129046,1764856336243.0,0.4962297841139811,0,781.3333129882812,256.3333435058594
129062,1764856336743.0,0.6583572561132199,1,777.3333129882812,360.3333129882813
129079,1764856337275.0,0.20516876952978919,0,539.3333740234375,174.3333282470703
129080,1764856337303.0,0.5057563224547823,0,537.0,174.3333282470703
129084,1764856337431.0,0.5438802540999816,0,530.3333129882812,177.0
129133,1764856338959.0,0.4725456857933544,0,720.0,578.6666870117188
129134,1764856338991.0,0.20268095702025185,0,720.3333129882812,572.3333129882812
129139,1764856339147.0,0.2664378952195978,0,720.3333129882812,548.3333740234375
129140,1764856339179.0,0.5617201899299948,0,720.3333129882812,544.3333129882812
129154,1764856339615.0,0.21906278832021855,0,772.6666870117188,526.6666870117188
129176,1764856340303.0,0.4962297841139811,0,790.0,498.0
129190,1764856340739.0,0.6224295741131102,0,779.3333740234375,584.3333740234375
129191,1764856340771.0,0.20832428107749285,0,780.6666259765625,576.3333129882812
129203,1764856341147.0,0.5424157069801083,0,785.3333129882812,513.3333740234375
129204,1764856341178.4285,0.22689377204198644,0,785.2856968470982,515.3333653041294
129217,1764856341583.0,0.2069913855599353,0,784.1666870117188,581.1666870117188
129218,1764856341615.0,0.3460421453354547,0,784.3333740234375,583.6666870117188
129312,1764856344551.0,0.21681955733565322,0,790.0,266.6666564941406
129313,1764856344583.0,0.5161821707037835,0,792.3333129882812,266.6666564941406
129327,1764856345019.0,0.6382680090718202,1,799.3333740234375,354.66668701171875
129328,1764856345051.0,0.2804621726882066,0,786.0,348.6666564941406
129344,1764856345551.0,0.5057563224547823,0,583.0,190.3333282470703
129345,1764856345583.0,0.2053649882684953,0,580.3333129882812,190.6666717529297
129347,1764856345643.0,0.3460421453354547,0,576.3333740234375,194.0
129359,1764856346019.0,0.5148493737625819,1,562.6666870117188,134.0
129360,1764856346050.2307,0.23778234366778567,0,564.2564298189603,135.28205108642578
129522,1764856351111.0,0.5430002226116399,0,956.3333129882812,372.0
129539,1764856351643.0,0.46662998481607476,0,1008.6666870117188,282.6666564941406
129541,1764856351704.0,0.3988763687825427,0,1012.3333129882812,283.33331298828125
129599,1764856353516.0,0.43094898991182584,0,990.3333129882812,395.3333129882813
129611,1764856353891.0,0.20516876952978919,0,922.0,358.3333435058594
129612,1764856353923.0,0.49074174246585595,0,916.0,358.3333435058594
129622,1764856354235.0,0.46992316788365907,0,857.3333129882812,392.0
129634,1764856354611.0,0.36311453683257094,0,824.3333740234375,345.0
129637,1764856354703.0,0.49074174246585595,0,816.3333129882812,345.3333435058594
129645,1764856354955.0,0.3460421453354547,0,790.6666259765625,368.3333435058594
129656,1764856355299.0,0.5057563224547823,0,764.6666870117188,339.3333435058594
129664,1764856355547.0,0.3488378275958993,0,744.3333740234375,352.33331298828125
129673,1764856355828.0,0.5057563224547823,0,728.0,334.3333435058594
129679,1764856356015.0,0.3460421453354547,0,716.0,344.0
129687,1764856356267.0,0.5057563224547823,0,701.3333129882812,330.3333435058594
129691,1764856356391.0,0.36675190748667225,0,693.6666870117188,335.3333435058594
129698,1764856356611.0,0.5057563224547823,0,682.0,326.3333435058594
129700,1764856356671.0,0.2485269330194128,0,679.3333740234375,326.6666564941406
129707,1764856356891.0,0.369475711237466,0,668.3333740234375,321.6666564941406
129711,1764856357015.0,0.203376519955254,0,662.3333129882812,324.0
129716,1764856357171.0,0.508552004715227,0,655.3333129882812,318.6666564941406
129717,1764856357203.0,0.36675190748667225,0,654.3333740234375,320.33331298828125
130178,1764856371604.5,0.23071817512058773,0,589.0833206176758,248.2083301544189
130179,1764856371636.0,0.5424157069801083,0,592.3333129882812,246.3333282470703
130180,1764856371667.0,0.29365803046244054,0,571.0,261.66668701171875
130181,1764856371696.0,0.20440454645734524,0,570.3333129882812,257.0
130204,1764856372416.0,0.49837190845441254,0,595.3333129882812,240.3333282470703
130216,1764856372792.0,0.20652935649920273,0,612.3333129882812,246.3333282470703
130221,1764856372948.0,0.5364554422488539,0,616.3333740234375,241.9999847412109
130237,1764856373447.0,0.37438207347522884,0,633.3333129882812,317.3333435058594
130244,1764856373664.0,0.46662998481607476,0,639.3333740234375,289.0
130252,1764856373916.0,0.4292042437284918,0,653.3333740234375,320.33331298828125
130261,1764856374196.0,0.2123362488536276,0,660.3333129882812,279.3333435058594
130262,1764856374227.3044,0.2109358892266835,0,661.04345703125,279.8260962444803
130284,1764856374916.0,0.42051919780053604,0,676.6666259765625,290.6666564941406
130285,1764856374947.0,0.20911594464238564,0,676.6666259765625,290.3333435058594
130291,1764856375132.0,0.471322039428764,0,671.0,286.3333435058594
130292,1764856375164.0,0.26926295828136143,0,670.3333129882812,286.6666564941406
130304,1764856375540.0,0.20971360911304965,0,670.0,376.0
130305,1764856375572.0,0.4273871476090278,0,670.0,376.3333129882813
130306,1764856375603.0,0.2965383488146499,0,670.3333129882812,370.3333129882813
130320,1764856376040.0,0.5515104200885381,0,690.6666259765625,386.6666564941406
130328,1764856376287.0,0.2078589194090197,0,696.3333129882812,340.6666564941406
130349,1764856376943.0,0.3695475897471169,0,718.3333740234375,353.3333435058594
130358,1764856377227.0,0.5057563224547823,0,716.6666259765625,349.66668701171875
130374,1764856377727.0,0.4794136356018462,0,703.0,470.3333435058594
130383,1764856378008.5,0.26196056577498994,0,710.4166488647461,445.9583435058594
130384,1764856378040.0,0.5589245076695502,0,711.3333129882812,444.3333435058594
130388,1764856378163.0,0.5457959048720846,0,728.0,490.3333435058594
130403,1764856378632.0,0.21279893551834578,0,760.6666259765625,416.3333435058594
130404,1764856378664.0,0.49837190845441254,0,762.6666870117188,416.3333435058594
130442,1764856379852.0,0.4794136356018462,0,738.6666870117188,614.3333129882812
130443,1764856379883.0,0.20505720526818882,0,740.0,607.3333129882812
130449,1764856380068.0,0.2715507391365961,0,744.0,579.3333129882812
130450,1764856380100.0,0.5589245076695502,0,744.3333740234375,577.3333740234375
130455,1764856380256.0,0.5715996671299379,0,764.0,628.3333129882812
130466,1764856380599.0,0.21110504211919964,0,787.3333129882812,546.3333129882812
130467,1764856380632.0,0.4953497526256395,0,790.0,546.3333129882812
130469,1764856380695.0,0.4412289599517536,0,794.6666870117188,552.3333129882812
130499,1764856381632.0,0.2715507391365961,0,777.3333129882812,517.6666870117188
130500,1764856381664.0,0.5589245076695502,0,780.0,516.6666870117188
130512,1764856382036.0,0.5430002226116399,0,825.0,586.0
130519,1764856382256.8,0.23071817512058773,0,832.6000122070312,548.7999877929688
130520,1764856382288.0,0.5424157069801083,0,832.6666870117188,546.3333129882812
130522,1764856382348.0,0.2928245194287922,0,820.6666259765625,568.6666870117188
130523,1764856382379.2593,0.20679516682122914,0,821.1604546440972,566.4197726779514
130548,1764856383160.7407,0.2330944233685247,0,833.5061713324653,510.24691433376734
130549,1764856383192.0,0.5084491770871364,0,834.0,508.0
130556,1764856383412.0,0.38959990316617577,0,840.0,576.3333129882812
130557,1764856383444.0,0.21938405554710477,0,840.6666259765625,574.3333740234375
130563,1764856383629.0,0.23071817512058773,0,850.5,526.0000305175781
130564,1764856383660.0,0.5424157069801083,0,852.0,519.3333740234375
130567,1764856383755.0,0.3695475897471169,0,834.3333740234375,552.6666870117188
130585,1764856384316.0,0.5195439946630094,0,816.3333129882812,491.3333129882813
130598,1764856384724.0,0.5487147378280935,0,832.0,570.6666870117188
130601,1764856384816.0,0.2641267234333292,0,836.3333129882812,544.3333129882812
130602,1764856384847.3333,0.22143353782367917,0,834.611094156901,545.0555419921875
130607,1764856385004.0,0.3488378275958993,0,826.0,548.6666870117188
130628,1764856385660.0,0.5492836567886001,0,818.3333740234375,501.6666870117188
130629,1764856385692.0,0.2673248903260369,0,820.0,503.3333435058594
130638,1764856385975.0,0.5487147378280935,0,834.0,582.6666259765625
130645,1764856386192.0,0.5424157069801083,0,842.6666870117188,534.6666259765625
130646,1764856386224.0,0.2405598291162426,0,842.0,540.0
130650,1764856386348.0,0.6224295741131102,0,836.0,586.0
130651,1764856386380.0,0.20384695163288497,0,836.6666259765625,577.3333740234375
130657,1764856386568.0,0.5424157069801083,0,842.0,534.3333129882812
130662,1764856386724.0,0.6224295741131102,0,838.6666870117188,582.6666259765625
130668,1764856386912.0,0.5424157069801083,0,847.3333129882812,538.0
130672,1764856387036.0,0.24916435306060417,0,842.6666870117188,585.3333129882812
130673,1764856387068.0,0.2417388084276521,0,843.3333740234375,584.6666870117188
130678,1764856387224.0,0.2351955045651956,0,848.0,546.6666870117188
130679,1764856387256.0,0.5424157069801083,0,848.3333740234375,540.0
130683,1764856387380.0,0.2859565696203004,0,844.0,582.6666259765625
130684,1764856387410.0,0.20384695163288497,0,844.3333435058594,580.3333129882812
130685,1764856387440.0,0.20106363350615264,0,844.6666870117188,578.0
130690,1764856387596.0,0.5424157069801083,0,854.6666870117188,536.6666870117188
130694,1764856387724.0,0.21658155892154143,0,853.3333740234375,580.6666870117188
130695,1764856387753.0,0.6196338918526656,0,854.6666870117188,585.3333129882812
130701,1764856387940.0,0.5424157069801083,0,862.6666870117188,540.6666259765625
130706,1764856388096.0,0.6224295741131102,0,856.6666259765625,586.6666870117188
130712,1764856388285.3333,0.23071817512058773,0,864.4444376627604,548.6666666666666
130713,1764856388316.0,0.5424157069801083,0,865.3333129882812,544.6666870117188
130716,1764856388408.0,0.4480969097602454,0,857.3333129882812,580.6666870117188
130717,1764856388440.0,0.20679516682122914,0,858.0833129882812,576.3333435058594
130723,1764856388628.0,0.5424157069801083,0,864.0,542.3333740234375
130729,1764856388816.0,0.6224295741131102,0,858.3333740234375,584.0
130735,1764856389004.0,0.5424157069801083,0,864.3333740234375,537.3333129882812
130736,1764856389036.0,0.22689377204198644,0,862.6666870117188,544.6666870117188
130739,1764856389128.0,0.5001233977530637,0,858.0,576.0
130740,1764856389159.4285,0.20507157738413576,0,858.6666695731027,570.5714285714286
130746,1764856389348.0,0.5424157069801083,0,862.6666870117188,538.0
130747,1764856389379.0,0.23091439385929388,0,861.8750152587891,541.2916717529297
130754,1764856389596.0,0.5484724878967877,0,856.3333129882812,564.3333740234375
130757,1764856389690.0,0.23071817512058773,0,856.9999694824219,545.3333129882812
130758,1764856389720.0,0.5396200247196636,0,856.6666259765625,540.6666259765625
130795,1764856390876.0,0.4962297841139811,0,852.3333129882812,544.0
130799,1764856391000.8,0.2001234357514435,0,853.1333618164062,547.2
130800,1764856391032.0,0.4725456857933544,0,853.3333740234375,548.0
130810,1764856391348.0,0.508552004715227,0,829.3333740234375,510.3333435058594
130833,1764856392064.0,0.4161987665733998,0,820.0,571.3333740234375
130834,1764856392096.0,0.24621613787226,0,820.0,569.3333129882812
130850,1764856392596.5715,0.23071817512058773,0,826.0714111328125,529.547603062221
130851,1764856392628.0,0.5424157069801083,0,826.3333129882812,528.3333129882812
130930,1764856395096.0,0.4498429621621785,0,839.3333740234375,327.3333435058594
130940,1764856395408.0,0.22440087702783923,0,816.0,364.0
130941,1764856395440.0,0.6583572561132199,1,812.3333129882812,372.6666870117188
130983,1764856396752.0,0.5131412316998256,1,581.6666870117188,117.66666412353516
131068,1764856399404.0,0.2292822379391936,0,668.0,134.6666717529297
131070,1764856399468.0,0.5272859069039765,1,652.3333129882812,97.0
131071,1764856399499.0,0.26215678451369606,0,656.0833129882812,106.08333206176758
131134,1764856401469.0,0.5038599501025377,0,720.0,220.6666717529297
131193,1764856403312.0,0.43843327769130896,0,723.3333740234375,286.3333435058594
131418,1764856410340.0,0.20516876952978919,0,683.3333740234375,360.3333129882813
131419,1764856410369.0,0.5057563224547823,0,680.3333129882812,360.3333129882813
131440,1764856411025.0,0.5492836567886001,0,626.3333740234375,431.3333129882813
131447,1764856411244.0,0.5515104200885381,0,640.3333129882812,484.3333435058594
131462,1764856411713.0,0.5519422453209095,0,640.3333129882812,428.6666564941406
131475,1764856412120.0,0.20023275307743493,0,634.3333740234375,522.3333129882812
131476,1764856412152.0,0.6127659420441738,0,634.3333740234375,528.3333129882812
131488,1764856412525.0,0.5492836567886001,0,630.6666259765625,474.6666564941406
131500,1764856412900.0,0.6155616243046184,0,638.0,558.3333740234375
131508,1764856413148.0,0.5424157069801083,0,630.3333129882812,509.6666564941406
131509,1764856413180.0,0.23137110148659432,0,630.3333129882812,511.1111043294271
131515,1764856413368.0,0.3536723113240113,0,635.0,516.3333740234375
131530,1764856413837.0,0.45899981882751817,0,642.0,489.6666564941406
131547,1764856414368.0,0.20023275307743493,0,645.3333129882812,564.6666870117188
131548,1764856414400.0,0.5416045380882959,0,646.0,569.3333129882812
131555,1764856414620.0,0.530463168054324,0,643.0,533.6666870117188
131557,1764856414680.0,0.3851391004344205,0,640.3333129882812,534.3333129882812
131562,1764856414836.0,0.3460421453354547,0,635.3333129882812,540.0
131576,1764856415276.0,0.5424157069801083,0,640.3333129882812,498.0
131592,1764856415773.0,0.23628245158413783,0,628.6666259765625,551.3333129882812
131593,1764856415805.0,0.2541753415690468,0,632.3333129882812,551.3333129882812
131617,1764856416556.0,0.5008190110985797,0,632.3333129882812,332.3333435058594
131626,1764856416836.0,0.2601205971268493,0,620.6666259765625,364.3333435058594
131627,1764856416868.0,0.680457421323551,1,620.0,372.6666870117188
131628,1764856416900.0,0.24745072538322055,0,639.3333740234375,356.0
131643,1764856417368.0,0.21214003011492144,0,816.0,204.6666717529297
131644,1764856417400.0,0.3103369902578444,0,818.0,204.6666717529297
131645,1764856417429.0,0.36868689131293764,0,819.3333740234375,205.3333282470703
131714,1764856419585.0,0.4273871476090278,0,807.3333129882812,450.3333129882813
131715,1764856419617.0,0.21638534018283528,0,808.3333740234375,445.3333435058594
131722,1764856419836.0,0.4962297841139811,0,812.0,426.6666564941406
131738,1764856420336.0,0.541084571839537,0,802.3333129882812,501.3333129882813
131749,1764856420680.0,0.20003253468175697,0,770.3333129882812,438.0
131750,1764856420709.0,0.5057563224547823,0,766.6666259765625,438.0
131776,1764856421521.0,0.203376519955254,0,670.0,538.6666870117188
131788,1764856421897.0,0.5464879745281555,0,655.3333129882812,496.3333435058594
131810,1764856422585.0,0.24030834848219387,0,692.6666870117188,537.3333129882812
131811,1764856422616.0,0.5396200247196636,0,692.6666870117188,533.3333129882812
131817,1764856422804.0,0.5438802540999816,0,662.6666870117188,574.6666870117188
131837,1764856423428.0,0.5492836567886001,0,630.3333129882812,494.3333435058594
131838,1764856423459.3,0.23376172185047822,0,631.1666442871094,496.3333404541016
131854,1764856423960.0,0.5438802540999816,0,642.6666870117188,576.0
131885,1764856424928.0,0.4934341018535365,0,631.3333740234375,489.3333435058594
131898,1764856425333.0,0.24095599976745186,0,615.3333129882812,553.3333129882812
131899,1764856425365.0,0.5060868507849194,0,618.3333129882812,553.6666259765625
131926,1764856426209.0,0.5057563224547823,0,608.0,320.33331298828125
131934,1764856426456.0,0.2433401584134138,0,597.3333129882812,358.3333435058594
131935,1764856426489.0,0.680457421323551,1,596.0,367.3333435058594
131950,1764856426957.0,0.5076719732268853,0,756.0,220.6666717529297
132064,1764856430517.0,0.24621613787226,0,658.3333740234375,156.3333282470703
132065,1764856430548.8,0.20384695163288497,0,660.2000366210938,146.06666259765626
132071,1764856430737.0,0.3252675465645552,0,668.3333740234375,106.0
132341,1764856439169.842,0.2001234357514435,0,854.9473491467928,329.08773000616776
132342,1764856439201.0,0.42051919780053604,0,855.3333129882812,330.3333435058594
132347,1764856439358.3333,0.20516876952978919,0,849.3333333333334,325.33331298828125
132348,1764856439389.0,0.49074174246585595,0,848.0,325.33331298828125
132361,1764856439797.0,0.41823029094368813,0,826.0,432.3333435058594
132362,1764856439829.0,0.22593731704352327,0,826.3333129882812,426.3333435058594
132374,1764856440201.0,0.4056987993168296,0,836.3333129882812,450.3333129882813
132388,1764856440641.0,0.5038599501025377,0,850.6666259765625,383.3333435058594
132426,1764856441825.0,0.5438802540999816,0,776.6666259765625,555.3333740234375
132433,1764856442045.0,0.23758612492907952,0,772.0,515.3333129882812
132434,1764856442077.0,0.5617201899299948,0,771.3333129882812,511.6666564941406
132440,1764856442265.0,0.5487147378280935,0,788.6666870117188,580.3333129882812
132451,1764856442609.0,0.3496231653113648,0,806.3333129882812,514.0
132454,1764856442701.0,0.3536723113240113,0,810.3333129882812,514.6666870117188
132460,1764856442889.0,0.23082749244657916,0,812.6666870117188,496.3333435058594
132461,1764856442921.0,0.5424157069801083,0,812.3333129882812,495.3333129882813
132474,1764856443325.0,0.5438802540999816,0,799.3333740234375,582.0
132493,1764856443921.0,0.5424157069801083,0,788.6666870117188,504.3333129882813
132511,1764856444481.0,0.20710070288592672,0,789.3333740234375,565.3333129882812
132512,1764856444513.0,0.6224295741131102,0,790.3333129882812,570.0
132555,1764856445857.7,0.23014120065459492,0,807.708332824707,552.0916473388672
132556,1764856445889.0,0.6575724920217066,0,808.0,552.3333129882812
132579,1764856446605.0,0.4934341018535365,0,832.6666870117188,330.66668701171875
132589,1764856446917.0,0.21209776775901162,0,818.3333740234375,370.0
132590,1764856446949.0,0.6583572561132199,1,816.3333129882812,378.3333435058594
132606,1764856447449.0,0.471322039428764,0,644.3333740234375,202.66665649414065
132626,1764856448073.0,0.5617201899299948,1,599.3333740234375,128.33334350585938
132627,1764856448105.0,0.2673248903260369,0,602.3333129882812,129.0
132690,1764856450073.0,0.5057563224547823,0,690.3333129882812,180.6666717529297
132697,1764856450293.0,0.398068633328273,0,666.6666259765625,191.3333435058593
132716,1764856450885.0,0.20516876952978919,0,634.3333740234375,128.33334350585938
132717,1764856450917.0,0.5519422453209095,1,633.3333129882812,128.33334350585938
132782,1764856452949.0,0.5038599501025377,0,686.3333129882812,228.0
133101,1764856462913.0,0.20003653433872878,0,747.3333129882812,321.3333435058594
133102,1764856462945.0,0.2378190738075045,0,746.6666259765625,321.3333435058594
133109,1764856463161.0,0.5288252762602973,0,737.3333129882812,318.3333435058594
133129,1764856463786.0,0.5079814239540901,0,682.0,376.3333129882813
133130,1764856463817.5,0.24225967311239355,0,682.0,378.3333282470703
133131,1764856463849.0,0.21893936853362567,0,682.0,380.3333435058594
133136,1764856464005.0,0.5438802540999816,0,690.6666259765625,424.3333129882813
133145,1764856464285.0,0.2639305046946231,0,696.3333129882812,374.6666564941406
133146,1764856464317.0,0.5396200247196636,0,696.0,374.6666564941406
133174,1764856465193.0,0.5057563224547823,0,658.3333740234375,397.6666564941406
133175,1764856465225.0,0.20464375444302643,0,654.6666870117188,398.3333129882813
133196,1764856465881.0,0.2426989688460778,0,592.3333129882812,490.3333435058594
133197,1764856465913.0,0.5617201899299948,0,590.3333129882812,487.3333435058594
133203,1764856466097.0,0.5515104200885381,0,612.3333129882812,544.3333129882812
133226,1764856466817.0,0.5010642678420931,0,632.3333129882812,483.3333435058594
133236,1764856467130.0,0.34266258483385054,0,634.0,565.3333129882812
133253,1764856467661.0,0.27308736135996275,0,626.3333740234375,520.3333129882812
133254,1764856467693.0,0.5547379275813541,0,626.6666870117188,520.3333129882812
133276,1764856468377.0,0.26160088620199884,0,625.0,557.6666870117188
133277,1764856468410.0,0.2541753415690468,0,629.3333740234375,557.3333129882812
133301,1764856469161.0,0.4934341018535365,0,634.6666870117188,323.33331298828125
133311,1764856469473.0,0.2433401584134138,0,625.3333129882812,356.6666564941406
133312,1764856469505.0,0.680457421323551,1,624.3333740234375,364.6666564941406
133336,1764856470253.0,0.3404663086460251,0,801.0,164.3333282470703
133343,1764856470473.0,0.4273871476090278,0,806.3333129882812,171.3333282470703
133355,1764856470846.0,0.3404663086460251,0,820.0,135.3333282470703
133376,1764856471502.0,0.3536723113240113,0,846.3333129882812,186.66665649414065
133385,1764856471783.3333,0.21279893551834578,0,858.2222493489584,176.3333282470703
133386,1764856471814.0,0.49837190845441254,0,859.3333740234375,176.3333282470703
133398,1764856472190.0,0.42459146534858316,0,868.6666870117188,204.3333435058593
133403,1764856472346.0,0.21279893551834578,0,876.3333129882812,199.3333435058593
133404,1764856472378.0,0.5011675907148572,0,878.3333740234375,199.3333435058593
132799,1764856453477.0,0.48983925057430955,0,680.3333129882812,106.66666412353516
132800,1764856453509.0,0.3823172926477617,0,679.3333740234375,82.33333587646484
133431,1764856473221.0,0.46734279662351513,0,614.3333740234375,560.3333129882812
133439,1764856473470.0,0.41600798950569723,0,606.3333740234375,516.6666870117188
133444,1764856473626.0,0.4273871476090278,0,600.3333129882812,524.3333129882812
133453,1764856473909.0,0.46942566707651945,0,613.3333129882812,506.3333435058594
133469,1764856474409.0,0.25712355675739096,0,611.6666870117188,555.6666870117188
133470,1764856474438.0,0.2541753415690468,0,615.3333129882812,555.3333740234375
133494,1764856475190.0,0.20003253468175697,0,604.0,334.3333435058594
133495,1764856475221.0,0.5057563224547823,0,602.0,334.3333435058594
133504,1764856475501.0,0.2433401584134138,0,587.3333129882812,372.6666870117188
133505,1764856475533.0,0.680457421323551,1,586.0,381.3333435058594
133523,1764856476094.0,0.5133864884433389,0,755.3333129882812,185.3333282470703
133528,1764856476250.0,0.42459146534858316,0,758.6666870117188,190.3333282470703
133542,1764856476689.0,0.2596493939887214,0,764.6666870117188,129.3333282470703
133609,1764856478782.0,0.5133864884433389,0,765.3333129882812,169.33334350585938
133614,1764856478938.0,0.398068633328273,0,770.0,173.33334350585938
133974,1764856490182.0,0.5161821707037835,0,928.0,189.3333435058593
133998,1764856490934.0,0.4480969097602454,0,934.3333740234376,310.3333435058594
134008,1764856491246.0,0.21279893551834578,0,950.3333129882812,282.3333435058594
134009,1764856491278.0,0.5161821707037835,0,952.0,282.3333435058594
134051,1764856492590.0,0.43702799848997786,0,980.3333129882812,423.3333435058594
134056,1764856492746.0,0.3479577961075577,0,992.0,420.0
134066,1764856493058.0,0.3771058772260226,0,1012.0,390.6666564941406
134074,1764856493306.0,0.3680208990703338,0,1019.3333740234376,407.3333435058594
134107,1764856494338.0,0.24229640325211238,0,983.3333740234376,538.0
134108,1764856494370.0,0.24744076362351078,0,983.3333740234376,537.3333129882812
134110,1764856494430.0,0.46942566707651945,0,985.3333129882812,522.3333129882812
134120,1764856494742.7273,0.2069913855599353,0,993.212119362571,559.6060402610085
134121,1764856494774.0,0.6320704249940602,0,994.0,563.3333129882812
134154,1764856495806.0,0.3460421453354547,0,990.0,524.0
134161,1764856496026.0,0.5057563224547823,0,959.3333740234376,513.3333740234375
134162,1764856496058.0,0.2053649882684953,0,954.0,514.0
134174,1764856496430.0,0.5438802540999816,0,856.0,627.6666259765625
134182,1764856496682.0,0.5492836567886001,0,837.3333129882812,574.6666870117188
134187,1764856496838.0,0.5358343065080639,0,842.0,645.3333740234375
134199,1764856497214.0,0.23653242492810922,0,842.0,564.0
134258,1764856499054.7273,0.23758612492907952,0,798.8030506480824,507.3333636197177
134259,1764856499086.0,0.5617201899299948,0,798.6666870117188,506.0000305175781
134268,1764856499366.0,0.5430002226116399,0,823.3333740234375,578.6666870117188
134276,1764856499618.0,0.22669755330328029,0,832.5833435058594,533.5000152587891
134277,1764856499650.0,0.5519422453209095,0,832.0,532.6666870117188
134281,1764856499774.0,0.5438802540999816,0,810.0,578.0
134297,1764856500274.0,0.23082749244657916,0,810.3333129882812,505.0
134298,1764856500306.0,0.5424157069801083,0,809.3333740234375,503.3333435058594
134335,1764856501458.8572,0.22669755330328029,0,803.2976575578962,556.5833326067243
134336,1764856501490.0,0.5547379275813541,0,803.3333740234375,556.0
134338,1764856501554.0,0.4154346086832435,0,802.6666870117188,567.3333129882812
134380,1764856502866.0,0.2601953250265162,0,818.0,544.0
134401,1764856503522.0,0.45899981882751817,0,838.3333740234375,333.33331298828125
134412,1764856503866.0,0.21209776775901162,0,822.6666870117188,372.3333129882813
134413,1764856503898.0,0.6583572561132199,1,820.6666259765625,380.3333435058594
134430,1764856504426.0,0.3375055542742009,0,625.3333129882812,202.3333435058593
134432,1764856504490.0,0.541084571839537,0,617.3333129882812,203.3333282470703
134462,1764856505426.0,0.4817478876777652,1,591.0,97.33332824707033
134496,1764856506490.0,0.4056987993168296,0,629.3333740234375,382.3333129882813
134507,1764856506834.0,0.5133864884433389,0,642.0,350.3333435058594
134551,1764856508206.0,0.46179550108796286,0,622.3333129882812,147.3333282470703
134561,1764856508522.0,0.3996322640702251,0,616.3333740234375,153.33334350585938
134581,1764856509146.0,0.5131412316998256,1,606.3333740234375,132.33334350585938
134606,1764856509926.0,0.3488378275958993,0,602.3333129882812,308.3333435058594
134611,1764856510082.0,0.46942566707651945,0,604.3333740234375,297.3333435058594
134612,1764856510113.3333,0.20691526740937605,0,604.8333638509115,297.8333435058594
134628,1764856510614.0,0.6320704249940602,1,616.3333740234375,360.0
134629,1764856510644.0,0.23136870662589454,0,621.8333435058594,353.0
134655,1764856511458.0,0.5076719732268853,0,751.3333129882812,178.0
134666,1764856511798.0,0.3564679935844559,0,774.3333740234375,194.66665649414065
134667,1764856511830.0,0.20652935649920273,0,774.6666870117188,193.3333282470703
134685,1764856512394.5,0.24336741900117867,0,794.3333129882812,158.3333282470703
134686,1764856512426.0,0.5266103363631118,1,795.3333129882812,158.3333282470703
134708,1764856513111.0,0.49532378393595433,0,602.0,262.33331298828125
134710,1764856513174.0,0.20633162288504925,0,592.3333129882812,248.3333282470703
134732,1764856513862.0,0.2078589194090197,0,623.0,78.33333587646484
134761,1764856514766.0,0.20741630917767262,0,644.6666870117188,167.3333282470703
134762,1764856514798.0,0.20480576706210935,0,645.3333129882812,167.3333282470703
134767,1764856514954.0,0.4896989386215898,0,648.3333740234375,146.3333282470703
134768,1764856514986.0,0.2673248903260369,0,649.3333740234375,147.3333282470703
134793,1764856515766.0,0.5971017341575844,1,744.3333740234375,380.6666564941406
134819,1764856516578.0,0.46179550108796286,0,742.6666870117188,120.99999237060548
134840,1764856517235.0,0.2095173903743435,0,738.0,166.3333282470703
134841,1764856517266.0,0.2173369750786323,0,738.0,166.3333282470703
134859,1764856517830.0,0.26196056577498994,0,721.6666666666666,108.77777608235678
134860,1764856517862.0,0.5617201899299948,0,713.0,105.33332824707033
134934,1764856520170.0,0.20516876952978919,0,700.0,136.33334350585938
134935,1764856520202.0,0.5057563224547823,0,694.6666870117188,136.33334350585938
134955,1764856520827.0,0.40086431558871766,0,631.3333740234375,184.00001525878903
134974,1764856521422.8,0.25023536880967046,0,609.3333251953125,134.3333282470703
134975,1764856521454.0,0.5845232778808238,1,609.0,134.3333282470703
135035,1764856523326.0,0.20516876952978919,0,773.3333740234375,168.3333282470703
135036,1764856523358.0,0.508552004715227,0,770.0,168.3333282470703
135044,1764856523607.0,0.3460421453354547,0,752.6666870117188,179.3333282470703
135045,1764856523639.0,0.2016529305181606,0,750.3333129882812,177.6666717529297
135074,1764856524546.762,0.23356550311177207,0,745.7777768089658,129.6190425327846
135075,1764856524578.0,0.5588101951294013,1,746.0,129.3333282470703
135135,1764856526450.0,0.5057563224547823,0,677.3333129882812,172.6666717529297
135138,1764856526546.0,0.2485269330194128,0,672.3333129882812,174.3333282470703
135142,1764856526670.0,0.3460421453354547,0,667.3333129882812,180.3333282470703
135160,1764856527232.0,0.20358058424266812,0,656.8888753255209,127.66667175292967
135161,1764856527263.0,0.5519422453209095,0,655.3333129882812,127.33333587646484
135198,1764856528418.0,0.2189657175675034,0,338.33331298828125,580.3333129882812
135231,1764856529450.0,0.5076719732268853,0,617.0,123.0
135233,1764856529511.0,0.3781472735771627,0,622.3333129882812,123.33333587646484
135236,1764856529606.0,0.3564679935844559,0,631.3333740234375,126.66666412353516
135245,1764856529887.0,0.2923918443098492,0,637.3333129882812,85.33332824707031
135246,1764856529919.0,0.5617201899299948,0,637.0,85.33332824707031
135253,1764856530138.0,0.37438207347522884,0,660.3333129882812,176.3333282470703
135269,1764856530638.0,0.24030834848219387,0,670.3333129882812,130.3333282470703
135270,1764856530667.0,0.5519422453209095,0,670.3333129882812,130.0
135275,1764856530823.0,0.22571218327738307,0,664.0,136.33334350585938
135276,1764856530855.0,0.29459754418667916,0,657.3333129882812,140.33334350585938
135277,1764856530886.0,0.4962297841139811,0,636.0,106.0
135339,1764856532823.0,0.5076719732268853,0,625.0,212.6666717529297
135342,1764856532918.0,0.4729098076675194,0,636.6666870117188,214.3333282470703
135343,1764856532947.0,0.4753086406058761,0,640.3333129882812,216.3333282470703
135345,1764856533011.0,0.5424157069801083,0,660.3333129882812,184.00001525878903
135346,1764856533042.5,0.22689377204198644,0,656.3333129882812,199.1666717529297
135347,1764856533074.0,0.5001233977530637,0,652.3333129882812,214.3333282470703
135348,1764856533103.0,0.20507157738413576,0,653.6666870117188,209.3333282470703
135365,1764856533635.0,0.2070844203018922,0,705.3333129882812,170.3333282470703
135366,1764856533667.0,0.492657393237959,1,710.3333129882812,170.3333282470703
135390,1764856534415.0,0.399984284100376,0,841.3333129882812,314.0
135401,1764856534759.0,0.2063631864764233,0,886.0,288.0
135402,1764856534791.0,0.492657393237959,0,890.0,288.0
135409,1764856535010.0,0.4412289599517536,1,916.3333129882812,306.3333435058594
135415,1764856535198.0,0.23907351317289732,0,904.6666870117188,298.3333435058594
135434,1764856535791.0,0.21347871246836642,0,753.0,172.0
135436,1764856535854.0,0.20964609897439704,0,745.0,171.3333282470703
135437,1764856535886.0,0.5057563224547823,0,745.0,171.3333282470703
135839,1764856548443.0,0.4962297841139811,0,611.3333740234375,619.3333740234375
135846,1764856548663.0,0.6356508713460182,0,612.0,642.0
135876,1764856549599.7407,0.23758612492907952,0,590.4197726779514,553.4568097149885
135877,1764856549631.0,0.5492836567886001,0,589.6666870117188,551.6666870117188
135912,1764856550723.0,0.2407597810287457,0,634.6666870117188,572.3333129882812
135913,1764856550755.0,0.25712355675739096,0,636.6666870117188,572.3333129882812
135930,1764856551287.0,0.23082749244657916,0,728.0,518.6666259765625
135931,1764856551315.0,0.5424157069801083,0,729.3333740234375,517.6666870117188
135944,1764856551723.0,0.24106880107435583,0,706.0,535.6666870117188
135982,1764856552911.0,0.5192987379194962,0,726.3333129882812,441.3333435058594
135992,1764856553223.0,0.4187783954794906,0,717.3333129882812,499.9999694824219
135993,1764856553255.0,0.21064505889864935,0,716.6666259765625,496.3333435058594
136005,1764856553627.0,0.5396200247196636,0,715.3333129882812,441.3333435058594
136018,1764856554035.0,0.47477572112365557,0,709.3333740234375,483.9999694824219
136028,1764856554347.0,0.523935980159192,0,707.3333129882812,445.6666564941406
136029,1764856554378.3333,0.20377680298137427,0,706.8333231608073,446.27777099609375
136039,1764856554691.0,0.398068633328273,0,702.6666870117188,468.3333435058594
136040,1764856554723.0,0.20440454645734524,0,702.3333129882812,463.3333129882813
136047,1764856554939.0,0.4962297841139811,0,701.6666259765625,442.6666564941406
136056,1764856555223.0,0.40483515324006436,0,699.3333740234375,456.3333129882813
136103,1764856556691.0,0.3113305940325123,0,668.3333740234375,380.0
136104,1764856556719.0,0.454065958972438,0,668.3333740234375,385.6666870117188
136114,1764856557031.0,0.5008190110985797,0,664.0,355.3333435058594
136125,1764856557375.0,0.20522190755249484,0,660.0,379.3333129882813
136126,1764856557407.0,0.42051919780053604,0,660.3333129882812,380.0
136134,1764856557659.0,0.21366672079170448,0,658.3333740234375,361.0
136135,1764856557687.0,0.5362582007604377,0,658.3333740234375,361.0
136143,1764856557939.0,0.3460421453354547,0,656.6666259765625,376.3333129882813
136148,1764856558095.0,0.2594531752500152,0,656.3333129882812,364.3333435058594
136149,1764856558127.0,0.4962297841139811,0,655.3333129882812,364.3333435058594
136193,1764856559499.8572,0.21207770169287687,0,647.0952584402902,96.33332824707033
136194,1764856559531.0,0.5092214692867723,0,647.6666870117188,96.33332824707033
136195,1764856559563.0,0.23136582640584571,0,648.0000305175781,96.83332824707033
136196,1764856559595.0,0.43702799848997786,0,648.3333740234375,97.33332824707033
136199,1764856559687.0,0.4316920340661689,0,678.3333740234375,85.66666412353516
136200,1764856559718.3333,0.23091439385929388,0,676.138926188151,86.72222010294597
136221,1764856560375.889,0.21207770169287687,0,655.9629448784722,98.33333587646484
136222,1764856560407.0,0.49837190845441254,0,656.3333129882812,98.33333587646484
136254,1764856561407.0,0.5335996122281284,0,685.3333129882812,397.6666564941406
136256,1764856561467.0,0.3488378275958993,0,686.3333129882812,404.3333435058594
136288,1764856562467.0,0.21214003011492144,0,698.6666870117188,368.3333435058594
136289,1764856562499.0,0.5161821707037835,0,698.6666870117188,368.3333435058594
136301,1764856562875.0,0.6410636913322648,1,712.3333129882812,409.0
136302,1764856562905.0,0.22248106885203967,0,710.5,403.8333435058594
136303,1764856562935.0,0.22842299143073305,0,708.6666870117188,398.6666870117188
136325,1764856563623.0,0.4934341018535365,0,657.3333129882812,178.3333282470703
136365,1764856564875.0,0.5076719732268853,0,720.3333129882812,441.6666564941406
136375,1764856565187.0,0.6611529383736646,1,742.0,483.3333435058594
136403,1764856566059.0,0.5057563224547823,0,665.3333129882812,170.0
136419,1764856566559.0,0.4137526778887447,0,650.0,215.3333435058593
136420,1764856566591.0,0.21873763445839192,0,649.0,212.3333435058593
136671,1764856574432.0,0.4682165639190247,0,641.3333129882812,156.3333282470703
136679,1764856574683.0,0.5396200247196636,0,643.3333740234375,137.0
136684,1764856574839.0,0.2751783036415242,0,640.3333129882812,148.6666717529297
136729,1764856576244.0,0.21333320617783225,0,665.0,107.33333587646484
136730,1764856576275.256,0.21721669726766557,0,664.9146341463414,107.39024650759814
136810,1764856578775.744,0.2022258349395602,0,658.0853658536586,111.94309699826124
136811,1764856578807.0,0.4654208816585801,0,658.0,112.00000762939452
136873,1764856580743.0,0.25023536880967046,0,622.7777506510416,81.0
136874,1764856580775.0,0.5720867447394291,0,622.3333129882812,81.0
136895,1764856581431.0,0.40086431558871766,0,652.3333129882812,120.33333587646484
136909,1764856581867.0,0.23758612492907952,0,649.0,63.66666793823242
136910,1764856581899.0,0.5492836567886001,0,648.3333740234375,61.66666793823242
136916,1764856582087.0,0.508552004715227,0,650.6666259765625,105.0
136920,1764856582211.0,0.6583572561132199,0,648.3333740234375,106.0
136923,1764856582304.0,0.24844267887285754,0,643.6666870117188,61.33333206176758
136963,1764856583555.0,0.49723943470805737,1,981.3333129882812,488.3333129882813
136968,1764856583712.0,0.23170816001650107,0,1000.0,446.3333129882813
136987,1764856584303.0,0.20470608286507097,0,854.3333740234375,140.33334350585938
137361,1764856595988.0,0.21262585639765513,0,638.3333129882812,112.66666412353516
137437,1764856598360.6,0.21207770169287687,0,704.1333251953125,91.33333587646484
137438,1764856598392.0,0.49837190845441254,0,705.0,91.33333587646484
137465,1764856599236.0,0.23638927385362404,0,722.6666870117188,111.0
137466,1764856599267.2156,0.20317694427958868,0,722.5817200903799,110.92810462502872
137529,1764856601236.0,0.24717629829068566,0,714.3333740234375,61.33333206176758
137530,1764856601268.0,0.5617201899299948,0,714.3333740234375,60.33333587646485
137540,1764856601580.0,0.3413340939193838,1,709.6666870117188,59.66666793823242
137557,1764856602108.0,0.30755675144139344,0,698.6666870117188,120.33333587646484
137584,1764856602954.0,0.6680208881821564,1,260.66668701171875,477.6666564941406
137585,1764856602985.0,0.2299824218054366,0,262.66668701171875,465.1666717529297
137586,1764856603016.0,0.26421594684382366,0,264.66668701171875,452.6666870117188
137614,1764856603891.0,0.3824654472404906,0,614.3333740234375,109.33332824707033
137615,1764856603920.0,0.3545533949982636,0,618.3333129882812,109.66666412353516
137616,1764856603952.0,0.5076719732268853,0,623.3333129882812,108.66666412353516
137639,1764856604672.0,0.4056987993168296,0,688.3333740234375,169.33334350585938
137654,1764856605140.0,0.46942566707651945,0,701.6666259765625,123.66667175292967
137655,1764856605171.0,0.20691526740937605,1,702.7499618530273,124.12500476837155
137758,1764856608388.0,0.20516876952978919,0,1201.6666259765625,602.3333129882812
137759,1764856608420.0,0.5057563224547823,0,1197.333251953125,602.3333129882812
137764,1764856608576.0,0.3774924077330113,0,1173.0,614.3333129882812
137765,1764856608608.0,0.20042830476690982,0,1169.0,613.3333740234375
137779,1764856609044.0,0.5057563224547823,0,1136.333251953125,538.3333129882812
137780,1764856609076.0,0.2098423177131032,0,1132.333251953125,538.6666870117188
137783,1764856609168.0,0.5438802540999816,0,1121.6666259765625,544.0
137795,1764856609544.0,0.20516876952978919,0,1104.0,494.6666870117188
137796,1764856609576.0,0.5057563224547823,0,1101.333251953125,494.6666870117188
137798,1764856609636.0,0.398068633328273,0,1096.333251953125,498.0
137809,1764856609980.0,0.2528451066827407,0,1080.0,466.0
137810,1764856610012.0,0.3488378275958993,0,1077.333251953125,466.6666564941406
137853,1764856611356.0,0.2594531752500152,0,1033.0,390.3333435058594
137854,1764856611388.0,0.5616058773898459,0,1032.333251953125,390.3333435058594
137859,1764856611544.0,0.4261962018861047,0,1037.333251953125,392.3333129882813
137878,1764856612136.0,0.46942566707651945,0,1078.3333740234375,388.0
137892,1764856612576.0,0.4273871476090278,0,1091.333251953125,408.3333129882813
137893,1764856612604.0,0.20679516682122914,0,1092.333251953125,405.6666564941406
137937,1764856613980.0,0.23505289135558988,0,1044.0,374.0
137960,1764856614700.0,0.5057563224547823,0,742.6666870117188,163.3333282470703
137973,1764856615104.0,0.2016529305181606,0,681.3333129882812,185.3333282470703
137989,1764856615604.0,0.20516876952978919,0,653.3333740234375,133.66665649414062
137990,1764856615636.0,0.5057563224547823,1,652.0,133.66665649414062
138027,1764856616792.0,0.45899981882751817,0,621.6666870117188,69.66666412353516
138115,1764856619540.0,0.3564679935844559,0,683.3333740234375,114.33333587646484
138131,1764856620040.0,0.20048924230905737,0,690.0,110.33333587646484
138176,1764856621444.0,0.2073386788565585,0,700.6666259765625,112.00000762939452
138177,1764856621476.0,0.24459502117893522,0,702.3333129882812,112.00000762939452
138195,1764856622040.0,0.2420634543736874,0,655.0,64.33333587646484
138196,1764856622072.0,0.5492836567886001,0,655.0,61.66666793823242
138199,1764856622164.0,0.24229640325211238,0,661.0,107.33333587646484
138209,1764856622476.0,0.46179550108796286,0,651.6666259765625,60.33333587646485
138319,1764856625912.0,0.471322039428764,0,808.3333740234375,177.0
138321,1764856625976.0,0.39735799816290224,0,798.6666870117188,177.33334350585938
138336,1764856626444.0,0.40086431558871766,0,726.3333129882812,224.00001525878903
138349,1764856626848.0,0.3480531332694783,0,678.6666870117188,188.9999847412109
138350,1764856626880.0,0.20516876952978919,0,675.3333129882812,188.3333282470703
138351,1764856626912.0,0.49074174246585595,0,671.3333129882812,188.3333282470703
138363,1764856627288.0,0.3460421453354547,0,632.0,215.3333435058593
138385,1764856627976.0,0.3460421453354547,0,570.3333129882812,209.3333282470703
138392,1764856628192.0,0.20022875342046312,0,551.0,195.3333282470703
138403,1764856628536.0,0.3460421453354547,0,524.3333740234375,204.0
138409,1764856628724.0,0.5057563224547823,0,510.3333129882813,195.3333282470703
138417,1764856628973.0,0.3460421453354547,0,493.6666564941406,201.0
138424,1764856629192.0,0.20516876952978919,0,477.6666564941406,194.3333435058593
138425,1764856629224.0,0.5057563224547823,0,476.3333435058594,194.3333435058593
138429,1764856629348.0,0.3460421453354547,0,468.3333129882813,198.3333282470703
138435,1764856629536.0,0.5057563224547823,0,455.6666564941406,193.3333282470703
138596,1764856634565.0,0.24717629829068566,0,653.0,63.66666793823242
138597,1764856634597.0,0.5589245076695502,0,653.3333740234375,61.66666793823242
138605,1764856634848.0,0.2669740514245136,0,649.3333740234375,104.00000762939452
138606,1764856634879.0,0.23376172185047822,0,650.2500305175781,104.08333778381348
138610,1764856635004.0,0.2212864953886599,0,654.3333740234375,105.33332824707033
138611,1764856635033.0,0.6611529383736646,0,655.6666259765625,108.00000762939452
138612,1764856635064.0,0.20470608286507097,1,647.6666870117188,63.0
138656,1764856636440.0,0.6611529383736646,1,988.6666870117188,462.0
138678,1764856637128.0,0.5057563224547823,0,841.0,149.66665649414062
138680,1764856637189.0,0.3823434181739759,0,837.3333129882812,150.3333282470703
138686,1764856637377.0,0.3488378275958993,0,828.0,160.3333282470703
138969,1764856646217.0,0.3564679935844559,0,576.3333740234375,164.6666717529297
138984,1764856646685.0,0.5424157069801083,0,637.3333129882812,72.33333587646484
138985,1764856646717.0,0.21727626496295366,0,605.6666259765625,121.66666412353516
138986,1764856646749.0,0.4280993296796414,0,607.3333129882812,121.33332824707033
138988,1764856646812.0,0.3249280083646341,0,611.3333740234375,122.33333587646484
139003,1764856647280.0,0.3564679935844559,0,638.3333129882812,154.3333282470703
139019,1764856647780.0,0.20470608286507097,0,675.3333129882812,108.00000762939452
139049,1764856648716.7742,0.2001234357514435,0,683.7204294512348,114.12903496526904
139050,1764856648748.0,0.4725456857933544,0,684.0,114.33333587646484
139059,1764856649029.75,0.2123435120149033,0,678.8333435058594,85.41666221618652
139060,1764856649061.0,0.5817275956203791,0,679.0,85.33332824707031
